Fecha,TerminoCosteHorario,TipoPrecio,Hour,Ctd
01/01/2026,FEU,Z24,1,0.148103455714
01/01/2026,FEU,Z14,1,0.148103455714
01/01/2026,FEU,Z24,10,0.126637999475
01/01/2026,FEU,Z14,10,0.126637999475
01/01/2026,FEU,Z24,11,0.105739359728
01/01/2026,FEU,Z14,11,0.105739359728
01/01/2026,FEU,Z24,12,0.093371418376
01/01/2026,FEU,Z14,12,0.093371418376
01/01/2026,FEU,Z24,13,0.090938164939
01/01/2026,FEU,Z14,13,0.090938164939
01/01/2026,FEU,Z24,14,0.093714109981
01/01/2026,FEU,Z14,14,0.093714109981
01/01/2026,FEU,Z24,15,0.0975276687
01/01/2026,FEU,Z14,15,0.0975276687
01/01/2026,FEU,Z24,16,0.10732305477
01/01/2026,FEU,Z14,16,0.10732305477
01/01/2026,FEU,Z24,17,0.122161815925
01/01/2026,FEU,Z14,17,0.122161815925
01/01/2026,FEU,Z24,18,0.137137952601
01/01/2026,FEU,Z14,18,0.137137952601
01/01/2026,FEU,Z24,19,0.138844983559
01/01/2026,FEU,Z14,19,0.138844983559
01/01/2026,FEU,Z24,2,0.144257976912
01/01/2026,FEU,Z14,2,0.144257976912
01/01/2026,FEU,Z24,20,0.145747307756
01/01/2026,FEU,Z14,20,0.145747307756
01/01/2026,FEU,Z24,21,0.147113510996
01/01/2026,FEU,Z14,21,0.147113510996
01/01/2026,FEU,Z24,22,0.145037590996
01/01/2026,FEU,Z14,22,0.145037590996
01/01/2026,FEU,Z24,23,0.141429574433
01/01/2026,FEU,Z14,23,0.141429574433
01/01/2026,FEU,Z24,24,0.134005322827
01/01/2026,FEU,Z14,24,0.134005322827
01/01/2026,FEU,Z24,3,0.143194535785
01/01/2026,FEU,Z14,3,0.143194535785
01/01/2026,FEU,Z24,4,0.135357897419
01/01/2026,FEU,Z14,4,0.135357897419
01/01/2026,FEU,Z24,5,0.127388624574
01/01/2026,FEU,Z14,5,0.127388624574
01/01/2026,FEU,Z24,6,0.121157023855
01/01/2026,FEU,Z14,6,0.121157023855
01/01/2026,FEU,Z24,7,0.119800555377
01/01/2026,FEU,Z14,7,0.119800555377
01/01/2026,FEU,Z24,8,0.123998239982
01/01/2026,FEU,Z14,8,0.123998239982
01/01/2026,FEU,Z24,9,0.131691159785
01/01/2026,FEU,Z14,9,0.131691159785
01/02/2026,FEU,Z24,1,0.125026261692
01/02/2026,FEU,Z14,1,0.125026261692
01/02/2026,FEU,Z24,10,0.166883941216
01/02/2026,FEU,Z14,10,0.166883941216
01/02/2026,FEU,Z24,11,0.152036611623
01/02/2026,FEU,Z14,11,0.221533983111
01/02/2026,FEU,Z24,12,0.212965779111
01/02/2026,FEU,Z14,12,0.212965779111
01/02/2026,FEU,Z24,13,0.203453571111
01/02/2026,FEU,Z14,13,0.203453571111
01/02/2026,FEU,Z24,14,0.196936387367
01/02/2026,FEU,Z14,14,0.196936387367
01/02/2026,FEU,Z24,15,0.201155135983
01/02/2026,FEU,Z14,15,0.131727423495
01/02/2026,FEU,Z24,16,0.145683020344
01/02/2026,FEU,Z14,16,0.145683020344
01/02/2026,FEU,Z24,17,0.170454437832
01/02/2026,FEU,Z14,17,0.170454437832
01/02/2026,FEU,Z24,18,0.165018769064
01/02/2026,FEU,Z14,18,0.165018769064
01/02/2026,FEU,Z24,19,0.167779402913
01/02/2026,FEU,Z14,19,0.237457409274
01/02/2026,FEU,Z24,2,0.111952433285
01/02/2026,FEU,Z14,2,0.111952433285
01/02/2026,FEU,Z24,20,0.238020605378
01/02/2026,FEU,Z14,20,0.238020605378
01/02/2026,FEU,Z24,21,0.242217369739
01/02/2026,FEU,Z14,21,0.242217369739
01/02/2026,FEU,Z24,22,0.242476965227
01/02/2026,FEU,Z14,22,0.242476965227
01/02/2026,FEU,Z24,23,0.236809220971
01/02/2026,FEU,Z14,23,0.167131592611
01/02/2026,FEU,Z24,24,0.158798216715
01/02/2026,FEU,Z14,24,0.158798216715
01/02/2026,FEU,Z24,3,0.109888178413
01/02/2026,FEU,Z14,3,0.109888178413
01/02/2026,FEU,Z24,4,0.108772526285
01/02/2026,FEU,Z14,4,0.108772526285
01/02/2026,FEU,Z24,5,0.107931340157
01/02/2026,FEU,Z14,5,0.107931340157
01/02/2026,FEU,Z24,6,0.106599798925
01/02/2026,FEU,Z14,6,0.106599798925
01/02/2026,FEU,Z24,7,0.108365825227
01/02/2026,FEU,Z14,7,0.108365825227
01/02/2026,FEU,Z24,8,0.121079365657
01/02/2026,FEU,Z14,8,0.121079365657
01/02/2026,FEU,Z24,9,0.147887529064
01/02/2026,FEU,Z14,9,0.147887529064
01/03/2026,FEU,Z24,1,0.112244079312
01/03/2026,FEU,Z14,1,0.112244079312
01/03/2026,FEU,Z24,10,0.131896260634
01/03/2026,FEU,Z14,10,0.131896260634
01/03/2026,FEU,Z24,11,0.122981913889
01/03/2026,FEU,Z14,11,0.122981913889
01/03/2026,FEU,Z24,12,0.116506182974
01/03/2026,FEU,Z14,12,0.116506182974
01/03/2026,FEU,Z24,13,0.114636779991
01/03/2026,FEU,Z14,13,0.114636779991
01/03/2026,FEU,Z24,14,0.113631419991
01/03/2026,FEU,Z14,14,0.113631419991
01/03/2026,FEU,Z24,15,0.116926379923
01/03/2026,FEU,Z14,15,0.116926379923
01/03/2026,FEU,Z24,16,0.128947851787
01/03/2026,FEU,Z14,16,0.128947851787
01/03/2026,FEU,Z24,17,0.134506033634
01/03/2026,FEU,Z14,17,0.134506033634
01/03/2026,FEU,Z24,18,0.148208491516
01/03/2026,FEU,Z14,18,0.148208491516
01/03/2026,FEU,Z24,19,0.141917227516
01/03/2026,FEU,Z14,19,0.141917227516
01/03/2026,FEU,Z24,2,0.111385771194
01/03/2026,FEU,Z14,2,0.111385771194
01/03/2026,FEU,Z24,20,0.139780746533
01/03/2026,FEU,Z14,20,0.139780746533
01/03/2026,FEU,Z24,21,0.136410802533
01/03/2026,FEU,Z14,21,0.136410802533
01/03/2026,FEU,Z24,22,0.125961963516
01/03/2026,FEU,Z14,22,0.125961963516
01/03/2026,FEU,Z24,23,0.122246037431
01/03/2026,FEU,Z14,23,0.122246037431
01/03/2026,FEU,Z24,24,0.113407959312
01/03/2026,FEU,Z14,24,0.113407959312
01/03/2026,FEU,Z24,3,0.110851501092
01/03/2026,FEU,Z14,3,0.110851501092
01/03/2026,FEU,Z24,4,0.111764509024
01/03/2026,FEU,Z14,4,0.111764509024
01/03/2026,FEU,Z24,5,0.109321898973
01/03/2026,FEU,Z14,5,0.109321898973
01/03/2026,FEU,Z24,6,0.11035520799
01/03/2026,FEU,Z14,6,0.11035520799
01/03/2026,FEU,Z24,7,0.109688540126
01/03/2026,FEU,Z14,7,0.109688540126
01/03/2026,FEU,Z24,8,0.113421379244
01/03/2026,FEU,Z14,8,0.113421379244
01/03/2026,FEU,Z24,9,0.125664980363
01/03/2026,FEU,Z14,9,0.125664980363
01/04/2026,FEU,Z24,1,0.131432387806
01/04/2026,FEU,Z14,1,0.131432387806
01/04/2026,FEU,Z24,10,0.106248724428
01/04/2026,FEU,Z14,10,0.106248724428
01/04/2026,FEU,Z24,11,0.101737258281
01/04/2026,FEU,Z14,11,0.101737258281
01/04/2026,FEU,Z24,12,0.101242143822
01/04/2026,FEU,Z14,12,0.101242143822
01/04/2026,FEU,Z24,13,0.099139630669
01/04/2026,FEU,Z14,13,0.099139630669
01/04/2026,FEU,Z24,14,0.100411625363
01/04/2026,FEU,Z14,14,0.100411625363
01/04/2026,FEU,Z24,15,0.101920474592
01/04/2026,FEU,Z14,15,0.101920474592
01/04/2026,FEU,Z24,16,0.10582337774
01/04/2026,FEU,Z14,16,0.10582337774
01/04/2026,FEU,Z24,17,0.112451175811
01/04/2026,FEU,Z14,17,0.112451175811
01/04/2026,FEU,Z24,18,0.114728113347
01/04/2026,FEU,Z14,18,0.114728113347
01/04/2026,FEU,Z24,19,0.121364577964
01/04/2026,FEU,Z14,19,0.121364577964
01/04/2026,FEU,Z24,2,0.110294702418
01/04/2026,FEU,Z14,2,0.110294702418
01/04/2026,FEU,Z24,20,0.126194465811
01/04/2026,FEU,Z14,20,0.126194465811
01/04/2026,FEU,Z24,21,0.129181320735
01/04/2026,FEU,Z14,21,0.129181320735
01/04/2026,FEU,Z24,22,0.138841203811
01/04/2026,FEU,Z14,22,0.138841203811
01/04/2026,FEU,Z24,23,0.127075077964
01/04/2026,FEU,Z14,23,0.127075077964
01/04/2026,FEU,Z24,24,0.1184338215
01/04/2026,FEU,Z14,24,0.1184338215
01/04/2026,FEU,Z24,3,0.106659734877
01/04/2026,FEU,Z14,3,0.106659734877
01/04/2026,FEU,Z24,4,0.105174451183
01/04/2026,FEU,Z14,4,0.105174451183
01/04/2026,FEU,Z24,5,0.101379707336
01/04/2026,FEU,Z14,5,0.101379707336
01/04/2026,FEU,Z24,6,0.098419490412
01/04/2026,FEU,Z14,6,0.098419490412
01/04/2026,FEU,Z24,7,0.101118681106
01/04/2026,FEU,Z14,7,0.101118681106
01/04/2026,FEU,Z24,8,0.103010480188
01/04/2026,FEU,Z14,8,0.103010480188
01/04/2026,FEU,Z24,9,0.108941417806
01/04/2026,FEU,Z14,9,0.108941417806
01/05/2026,FEU,Z24,1,0.121632714304
01/05/2026,FEU,Z14,1,0.121632714304
01/05/2026,FEU,Z24,10,0.166644756541
01/05/2026,FEU,Z14,10,0.166644756541
01/05/2026,FEU,Z24,11,0.159186017914
01/05/2026,FEU,Z14,11,0.228710969227
01/05/2026,FEU,Z24,12,0.223849807571
01/05/2026,FEU,Z14,12,0.223849807571
01/05/2026,FEU,Z24,13,0.220032950742
01/05/2026,FEU,Z14,13,0.220032950742
01/05/2026,FEU,Z24,14,0.220338714399
01/05/2026,FEU,Z14,14,0.220338714399
01/05/2026,FEU,Z24,15,0.220500773056
01/05/2026,FEU,Z14,15,0.151004738742
01/05/2026,FEU,Z24,16,0.153890823369
01/05/2026,FEU,Z14,16,0.153890823369
01/05/2026,FEU,Z24,17,0.160303437511
01/05/2026,FEU,Z14,17,0.160303437511
01/05/2026,FEU,Z24,18,0.179556915168
01/05/2026,FEU,Z14,18,0.179556915168
01/05/2026,FEU,Z24,19,0.184063447624
01/05/2026,FEU,Z14,19,0.253678349937
01/05/2026,FEU,Z24,2,0.10573191576
01/05/2026,FEU,Z14,2,0.10573191576
01/05/2026,FEU,Z24,20,0.246263565251
01/05/2026,FEU,Z14,20,0.246263565251
01/05/2026,FEU,Z24,21,0.245998794079
01/05/2026,FEU,Z14,21,0.245998794079
01/05/2026,FEU,Z24,22,0.241173128221
01/05/2026,FEU,Z14,22,0.241173128221
01/05/2026,FEU,Z24,23,0.237150492363
01/05/2026,FEU,Z14,23,0.167470653221
01/05/2026,FEU,Z24,24,0.159733208707
01/05/2026,FEU,Z14,24,0.159733208707
01/05/2026,FEU,Z24,3,0.099045943902
01/05/2026,FEU,Z14,3,0.099045943902
01/05/2026,FEU,Z24,4,0.099108979902
01/05/2026,FEU,Z14,4,0.099108979902
01/05/2026,FEU,Z24,5,0.099336044588
01/05/2026,FEU,Z14,5,0.099336044588
01/05/2026,FEU,Z24,6,0.100585923618
01/05/2026,FEU,Z14,6,0.100585923618
01/05/2026,FEU,Z24,7,0.11173290105
01/05/2026,FEU,Z14,7,0.11173290105
01/05/2026,FEU,Z24,8,0.130267612139
01/05/2026,FEU,Z14,8,0.130267612139
01/05/2026,FEU,Z24,9,0.161216933855
01/05/2026,FEU,Z14,9,0.161216933855
01/06/2026,FEU,Z24,1,0.144377147557
01/06/2026,FEU,Z14,1,0.144377147557
01/06/2026,FEU,Z24,10,0.110722239545
01/06/2026,FEU,Z14,10,0.110722239545
01/06/2026,FEU,Z24,11,0.047899451069
01/06/2026,FEU,Z14,11,0.047899451069
01/06/2026,FEU,Z24,12,0.034242483986
01/06/2026,FEU,Z14,12,0.034242483986
01/06/2026,FEU,Z24,13,0.032996985677
01/06/2026,FEU,Z14,13,0.032996985677
01/06/2026,FEU,Z24,14,0.032887577367
01/06/2026,FEU,Z14,14,0.032887577367
01/06/2026,FEU,Z24,15,0.033108541141
01/06/2026,FEU,Z14,15,0.033108541141
01/06/2026,FEU,Z24,16,0.033147167998
01/06/2026,FEU,Z14,16,0.033147167998
01/06/2026,FEU,Z24,17,0.057688959926
01/06/2026,FEU,Z14,17,0.057688959926
01/06/2026,FEU,Z24,18,0.140059462009
01/06/2026,FEU,Z14,18,0.140059462009
01/06/2026,FEU,Z24,19,0.1579091797
01/06/2026,FEU,Z14,19,0.1579091797
01/06/2026,FEU,Z24,2,0.125954369104
01/06/2026,FEU,Z14,2,0.125954369104
01/06/2026,FEU,Z24,20,0.166916320855
01/06/2026,FEU,Z14,20,0.166916320855
01/06/2026,FEU,Z24,21,0.170927698009
01/06/2026,FEU,Z14,21,0.170927698009
01/06/2026,FEU,Z24,22,0.166118360319
01/06/2026,FEU,Z14,22,0.166118360319
01/06/2026,FEU,Z24,23,0.159408879247
01/06/2026,FEU,Z14,23,0.159408879247
01/06/2026,FEU,Z24,24,0.146905772485
01/06/2026,FEU,Z14,24,0.146905772485
01/06/2026,FEU,Z24,3,0.114574874651
01/06/2026,FEU,Z14,3,0.114574874651
01/06/2026,FEU,Z24,4,0.11300107558
01/06/2026,FEU,Z14,4,0.11300107558
01/06/2026,FEU,Z24,5,0.110946652044
01/06/2026,FEU,Z14,5,0.110946652044
01/06/2026,FEU,Z24,6,0.109627944199
01/06/2026,FEU,Z14,6,0.109627944199
01/06/2026,FEU,Z24,7,0.108464731425
01/06/2026,FEU,Z14,7,0.108464731425
01/06/2026,FEU,Z24,8,0.111684693413
01/06/2026,FEU,Z14,8,0.111684693413
01/06/2026,FEU,Z24,9,0.12074326233
01/06/2026,FEU,Z14,9,0.12074326233
01/07/2026,FEU,Z24,1,0.121880266959
01/07/2026,FEU,Z14,1,0.121880266959
01/07/2026,FEU,Z24,10,0.171458615731
01/07/2026,FEU,Z14,10,0.171458615731
01/07/2026,FEU,Z24,11,0.155559069352
01/07/2026,FEU,Z14,11,0.225070408303
01/07/2026,FEU,Z24,12,0.219048797114
01/07/2026,FEU,Z14,12,0.219048797114
01/07/2026,FEU,Z24,13,0.212768282114
01/07/2026,FEU,Z14,13,0.212768282114
01/07/2026,FEU,Z24,14,0.21098801159
01/07/2026,FEU,Z14,14,0.21098801159
01/07/2026,FEU,Z24,15,0.207171577066
01/07/2026,FEU,Z14,15,0.137720622114
01/07/2026,FEU,Z24,16,0.147599519017
01/07/2026,FEU,Z14,16,0.147599519017
01/07/2026,FEU,Z24,17,0.159300369444
01/07/2026,FEU,Z14,17,0.159300369444
01/07/2026,FEU,Z24,18,0.177312633396
01/07/2026,FEU,Z14,18,0.177312633396
01/07/2026,FEU,Z24,19,0.197144153061
01/07/2026,FEU,Z14,19,0.266802784012
01/07/2026,FEU,Z24,2,0.117838366386
01/07/2026,FEU,Z14,2,0.117838366386
01/07/2026,FEU,Z24,20,0.264348052726
01/07/2026,FEU,Z14,20,0.264348052726
01/07/2026,FEU,Z24,21,0.246467285439
01/07/2026,FEU,Z14,21,0.246467285439
01/07/2026,FEU,Z24,22,0.233518598391
01/07/2026,FEU,Z14,22,0.233518598391
01/07/2026,FEU,Z24,23,0.227018876056
01/07/2026,FEU,Z14,23,0.157380666867
01/07/2026,FEU,Z24,24,0.141999328769
01/07/2026,FEU,Z14,24,0.141999328769
01/07/2026,FEU,Z24,3,0.1146903121
01/07/2026,FEU,Z14,3,0.1146903121
01/07/2026,FEU,Z24,4,0.111049783337
01/07/2026,FEU,Z14,4,0.111049783337
01/07/2026,FEU,Z24,5,0.110475649862
01/07/2026,FEU,Z14,5,0.110475649862
01/07/2026,FEU,Z24,6,0.114986821959
01/07/2026,FEU,Z14,6,0.114986821959
01/07/2026,FEU,Z24,7,0.120456846629
01/07/2026,FEU,Z14,7,0.120456846629
01/07/2026,FEU,Z24,8,0.138432833823
01/07/2026,FEU,Z14,8,0.138432833823
01/07/2026,FEU,Z24,9,0.177115387158
01/07/2026,FEU,Z14,9,0.177115387158
01/08/2026,FEU,Z24,1,0.116151238632
01/08/2026,FEU,Z14,1,0.116151238632
01/08/2026,FEU,Z24,10,0.164439343419
01/08/2026,FEU,Z14,10,0.164439343419
01/08/2026,FEU,Z24,11,0.130563504327
01/08/2026,FEU,Z14,11,0.199986454997
01/08/2026,FEU,Z24,12,0.193326823915
01/08/2026,FEU,Z14,12,0.193326823915
01/08/2026,FEU,Z24,13,0.190198646997
01/08/2026,FEU,Z14,13,0.190198646997
01/08/2026,FEU,Z24,14,0.18748821808
01/08/2026,FEU,Z14,14,0.18748821808
01/08/2026,FEU,Z24,15,0.184119796667
01/08/2026,FEU,Z14,15,0.114749729997
01/08/2026,FEU,Z24,16,0.120668473419
01/08/2026,FEU,Z14,16,0.120668473419
01/08/2026,FEU,Z24,17,0.136327931254
01/08/2026,FEU,Z14,17,0.136327931254
01/08/2026,FEU,Z24,18,0.152348153007
01/08/2026,FEU,Z14,18,0.152348153007
01/08/2026,FEU,Z24,19,0.165450657181
01/08/2026,FEU,Z14,19,0.235116901768
01/08/2026,FEU,Z24,2,0.116116558054
01/08/2026,FEU,Z14,2,0.116116558054
01/08/2026,FEU,Z24,20,0.232548167191
01/08/2026,FEU,Z14,20,0.232548167191
01/08/2026,FEU,Z24,21,0.226384576695
01/08/2026,FEU,Z14,21,0.226384576695
01/08/2026,FEU,Z24,22,0.216888804283
01/08/2026,FEU,Z14,22,0.216888804283
01/08/2026,FEU,Z24,23,0.211245213787
01/08/2026,FEU,Z14,23,0.141579492283
01/08/2026,FEU,Z24,24,0.130957609787
01/08/2026,FEU,Z14,24,0.130957609787
01/08/2026,FEU,Z24,3,0.115745112558
01/08/2026,FEU,Z14,3,0.115745112558
01/08/2026,FEU,Z24,4,0.112506849393
01/08/2026,FEU,Z14,4,0.112506849393
01/08/2026,FEU,Z24,5,0.107169407393
01/08/2026,FEU,Z14,5,0.107169407393
01/08/2026,FEU,Z24,6,0.110398713971
01/08/2026,FEU,Z14,6,0.110398713971
01/08/2026,FEU,Z24,7,0.11085588787
01/08/2026,FEU,Z14,7,0.11085588787
01/08/2026,FEU,Z24,8,0.132772963521
01/08/2026,FEU,Z14,8,0.132772963521
01/08/2026,FEU,Z24,9,0.178220662594
01/08/2026,FEU,Z14,9,0.178220662594
01/09/2026,FEU,Z24,1,0.104454078166
01/09/2026,FEU,Z14,1,0.104454078166
01/09/2026,FEU,Z24,10,0.140927733907
01/09/2026,FEU,Z14,10,0.140927733907
01/09/2026,FEU,Z24,11,0.125747708635
01/09/2026,FEU,Z14,11,0.195154428734
01/09/2026,FEU,Z24,12,0.180241260734
01/09/2026,FEU,Z14,12,0.180241260734
01/09/2026,FEU,Z24,13,0.161131872734
01/09/2026,FEU,Z14,13,0.161131872734
01/09/2026,FEU,Z24,14,0.150464698685
01/09/2026,FEU,Z14,14,0.150464698685
01/09/2026,FEU,Z24,15,0.139625838759
01/09/2026,FEU,Z14,15,0.07040938566
01/09/2026,FEU,Z24,16,0.081573048882
01/09/2026,FEU,Z14,16,0.081573048882
01/09/2026,FEU,Z24,17,0.120165152981
01/09/2026,FEU,Z14,17,0.120165152981
01/09/2026,FEU,Z24,18,0.143882789129
01/09/2026,FEU,Z14,18,0.143882789129
01/09/2026,FEU,Z24,19,0.163274463351
01/09/2026,FEU,Z14,19,0.232932331474
01/09/2026,FEU,Z24,2,0.086174290437
01/09/2026,FEU,Z14,2,0.086174290437
01/09/2026,FEU,Z24,20,0.240321904647
01/09/2026,FEU,Z14,20,0.240321904647
01/09/2026,FEU,Z24,21,0.231097027771
01/09/2026,FEU,Z14,21,0.231097027771
01/09/2026,FEU,Z24,22,0.227400549869
01/09/2026,FEU,Z14,22,0.227400549869
01/09/2026,FEU,Z24,23,0.225843229919
01/09/2026,FEU,Z14,23,0.156210840795
01/09/2026,FEU,Z24,24,0.147579827968
01/09/2026,FEU,Z14,24,0.147579827968
01/09/2026,FEU,Z24,3,0.079928590413
01/09/2026,FEU,Z14,3,0.079928590413
01/09/2026,FEU,Z24,4,0.065544967437
01/09/2026,FEU,Z14,4,0.065544967437
01/09/2026,FEU,Z24,5,0.060058498462
01/09/2026,FEU,Z14,5,0.060058498462
01/09/2026,FEU,Z24,6,0.077073954314
01/09/2026,FEU,Z14,6,0.077073954314
01/09/2026,FEU,Z24,7,0.091175539869
01/09/2026,FEU,Z14,7,0.091175539869
01/09/2026,FEU,Z24,8,0.1136643814
01/09/2026,FEU,Z14,8,0.1136643814
01/09/2026,FEU,Z24,9,0.150974589129
01/09/2026,FEU,Z14,9,0.150974589129
01/10/2026,FEU,Z24,1,0.108649844225
01/10/2026,FEU,Z14,1,0.108649844225
01/10/2026,FEU,Z24,10,0.12567736934
01/10/2026,FEU,Z14,10,0.12567736934
01/10/2026,FEU,Z24,11,0.102487722009
01/10/2026,FEU,Z14,11,0.102487722009
01/10/2026,FEU,Z24,12,0.084923769565
01/10/2026,FEU,Z14,12,0.084923769565
01/10/2026,FEU,Z24,13,0.063447088677
01/10/2026,FEU,Z14,13,0.063447088677
01/10/2026,FEU,Z24,14,0.065483768677
01/10/2026,FEU,Z14,14,0.065483768677
01/10/2026,FEU,Z24,15,0.072665980232
01/10/2026,FEU,Z14,15,0.072665980232
01/10/2026,FEU,Z24,16,0.086712795341
01/10/2026,FEU,Z14,16,0.086712795341
01/10/2026,FEU,Z24,17,0.11152118234
01/10/2026,FEU,Z14,17,0.11152118234
01/10/2026,FEU,Z24,18,0.136140457561
01/10/2026,FEU,Z14,18,0.136140457561
01/10/2026,FEU,Z24,19,0.167572617561
01/10/2026,FEU,Z14,19,0.167572617561
01/10/2026,FEU,Z24,2,0.103412609446
01/10/2026,FEU,Z14,2,0.103412609446
01/10/2026,FEU,Z24,20,0.176798115672
01/10/2026,FEU,Z14,20,0.176798115672
01/10/2026,FEU,Z24,21,0.161101080672
01/10/2026,FEU,Z14,21,0.161101080672
01/10/2026,FEU,Z24,22,0.145141265561
01/10/2026,FEU,Z14,22,0.145141265561
01/10/2026,FEU,Z24,23,0.138918608004
01/10/2026,FEU,Z14,23,0.138918608004
01/10/2026,FEU,Z24,24,0.136654944225
01/10/2026,FEU,Z14,24,0.136654944225
01/10/2026,FEU,Z24,3,0.099169942778
01/10/2026,FEU,Z14,3,0.099169942778
01/10/2026,FEU,Z24,4,0.093830366333
01/10/2026,FEU,Z14,4,0.093830366333
01/10/2026,FEU,Z24,5,0.088347181999
01/10/2026,FEU,Z14,5,0.088347181999
01/10/2026,FEU,Z24,6,0.087636787111
01/10/2026,FEU,Z14,6,0.087636787111
01/10/2026,FEU,Z24,7,0.096365311001
01/10/2026,FEU,Z14,7,0.096365311001
01/10/2026,FEU,Z24,8,0.10468435178
01/10/2026,FEU,Z14,8,0.10468435178
01/10/2026,FEU,Z24,9,0.117447681559
01/10/2026,FEU,Z14,9,0.117447681559
01/11/2026,FEU,Z24,1,0.133132557934
01/11/2026,FEU,Z14,1,0.133132557934
01/11/2026,FEU,Z24,10,0.117490084842
01/11/2026,FEU,Z14,10,0.117490084842
01/11/2026,FEU,Z24,11,0.102434879266
01/11/2026,FEU,Z14,11,0.102434879266
01/11/2026,FEU,Z24,12,0.086233433235
01/11/2026,FEU,Z14,12,0.086233433235
01/11/2026,FEU,Z24,13,0.082894183558
01/11/2026,FEU,Z14,13,0.082894183558
01/11/2026,FEU,Z24,14,0.085358318204
01/11/2026,FEU,Z14,14,0.085358318204
01/11/2026,FEU,Z24,15,0.08803187272
01/11/2026,FEU,Z14,15,0.08803187272
01/11/2026,FEU,Z24,16,0.092586132296
01/11/2026,FEU,Z14,16,0.092586132296
01/11/2026,FEU,Z24,17,0.111903824035
01/11/2026,FEU,Z14,17,0.111903824035
01/11/2026,FEU,Z24,18,0.131591882904
01/11/2026,FEU,Z14,18,0.131591882904
01/11/2026,FEU,Z24,19,0.147965498711
01/11/2026,FEU,Z14,19,0.147965498711
01/11/2026,FEU,Z24,2,0.122291356642
01/11/2026,FEU,Z14,2,0.122291356642
01/11/2026,FEU,Z24,20,0.145929687035
01/11/2026,FEU,Z14,20,0.145929687035
01/11/2026,FEU,Z24,21,0.141862188196
01/11/2026,FEU,Z14,21,0.141862188196
01/11/2026,FEU,Z24,22,0.134722780035
01/11/2026,FEU,Z14,22,0.134722780035
01/11/2026,FEU,Z24,23,0.126638603711
01/11/2026,FEU,Z14,23,0.126638603711
01/11/2026,FEU,Z24,24,0.113590744581
01/11/2026,FEU,Z14,24,0.113590744581
01/11/2026,FEU,Z24,3,0.119369439673
01/11/2026,FEU,Z14,3,0.119369439673
01/11/2026,FEU,Z24,4,0.121675815026
01/11/2026,FEU,Z14,4,0.121675815026
01/11/2026,FEU,Z24,5,0.121107328703
01/11/2026,FEU,Z14,5,0.121107328703
01/11/2026,FEU,Z24,6,0.122037373542
01/11/2026,FEU,Z14,6,0.122037373542
01/11/2026,FEU,Z24,7,0.120458222188
01/11/2026,FEU,Z14,7,0.120458222188
01/11/2026,FEU,Z24,8,0.122101766127
01/11/2026,FEU,Z14,8,0.122101766127
01/11/2026,FEU,Z24,9,0.134102323934
01/11/2026,FEU,Z14,9,0.134102323934
01/12/2026,FEU,Z24,1,0.112273191712
01/12/2026,FEU,Z14,1,0.112273191712
01/12/2026,FEU,Z24,10,0.16413687677
01/12/2026,FEU,Z14,10,0.16413687677
01/12/2026,FEU,Z24,11,0.142999391614
01/12/2026,FEU,Z14,11,0.212467644192
01/12/2026,FEU,Z24,12,0.201065416903
01/12/2026,FEU,Z14,12,0.201065416903
01/12/2026,FEU,Z24,13,0.198678970258
01/12/2026,FEU,Z14,13,0.198678970258
01/12/2026,FEU,Z24,14,0.199243894547
01/12/2026,FEU,Z14,14,0.199243894547
01/12/2026,FEU,Z24,15,0.199953020837
01/12/2026,FEU,Z14,15,0.130527175258
01/12/2026,FEU,Z24,16,0.128703307415
01/12/2026,FEU,Z14,16,0.128703307415
01/12/2026,FEU,Z24,17,0.140291600638
01/12/2026,FEU,Z14,17,0.140291600638
01/12/2026,FEU,Z24,18,0.162728563927
01/12/2026,FEU,Z14,18,0.162728563927
01/12/2026,FEU,Z24,19,0.179717269729
01/12/2026,FEU,Z14,19,0.249317575307
01/12/2026,FEU,Z24,2,0.114524722513
01/12/2026,FEU,Z14,2,0.114524722513
01/12/2026,FEU,Z24,20,0.248145774886
01/12/2026,FEU,Z14,20,0.248145774886
01/12/2026,FEU,Z24,21,0.25160977353
01/12/2026,FEU,Z14,21,0.25160977353
01/12/2026,FEU,Z24,22,0.249915181753
01/12/2026,FEU,Z14,22,0.249915181753
01/12/2026,FEU,Z24,23,0.225032119976
01/12/2026,FEU,Z14,23,0.155403561753
01/12/2026,FEU,Z24,24,0.140928050687
01/12/2026,FEU,Z14,24,0.140928050687
01/12/2026,FEU,Z24,3,0.110772884736
01/12/2026,FEU,Z14,3,0.110772884736
01/12/2026,FEU,Z24,4,0.101525132736
01/12/2026,FEU,Z14,4,0.101525132736
01/12/2026,FEU,Z24,5,0.097680010158
01/12/2026,FEU,Z14,5,0.097680010158
01/12/2026,FEU,Z24,6,0.10426492429
01/12/2026,FEU,Z14,6,0.10426492429
01/12/2026,FEU,Z24,7,0.116048953398
01/12/2026,FEU,Z14,7,0.116048953398
01/12/2026,FEU,Z24,8,0.127802293795
01/12/2026,FEU,Z14,8,0.127802293795
01/12/2026,FEU,Z24,9,0.167945453349
01/12/2026,FEU,Z14,9,0.167945453349
01/13/2026,FEU,Z24,1,0.105932632236
01/13/2026,FEU,Z14,1,0.105932632236
01/13/2026,FEU,Z24,10,0.161739516465
01/13/2026,FEU,Z14,10,0.161739516465
01/13/2026,FEU,Z24,11,0.148023951955
01/13/2026,FEU,Z14,11,0.217507486686
01/13/2026,FEU,Z24,12,0.205072810369
01/13/2026,FEU,Z14,12,0.205072810369
01/13/2026,FEU,Z24,13,0.198086316051
01/13/2026,FEU,Z14,13,0.198086316051
01/13/2026,FEU,Z24,14,0.193541248051
01/13/2026,FEU,Z14,14,0.193541248051
01/13/2026,FEU,Z24,15,0.195793109417
01/13/2026,FEU,Z14,15,0.126381478686
01/13/2026,FEU,Z24,16,0.138238088782
01/13/2026,FEU,Z14,16,0.138238088782
01/13/2026,FEU,Z24,17,0.15064045683
01/13/2026,FEU,Z14,17,0.15064045683
01/13/2026,FEU,Z24,18,0.168472405609
01/13/2026,FEU,Z14,18,0.168472405609
01/13/2026,FEU,Z24,19,0.180359853389
01/13/2026,FEU,Z14,19,0.250090477802
01/13/2026,FEU,Z24,2,0.102681986332
01/13/2026,FEU,Z14,2,0.102681986332
01/13/2026,FEU,Z24,20,0.25778897585
01/13/2026,FEU,Z14,20,0.25778897585
01/13/2026,FEU,Z24,21,0.283564699947
01/13/2026,FEU,Z14,21,0.283564699947
01/13/2026,FEU,Z24,22,0.276697557677
01/13/2026,FEU,Z14,22,0.276697557677
01/13/2026,FEU,Z24,23,0.256876946091
01/13/2026,FEU,Z14,23,0.187116797677
01/13/2026,FEU,Z24,24,0.169650151457
01/13/2026,FEU,Z14,24,0.169650151457
01/13/2026,FEU,Z24,3,0.101781457428
01/13/2026,FEU,Z14,3,0.101781457428
01/13/2026,FEU,Z24,4,0.099453526476
01/13/2026,FEU,Z14,4,0.099453526476
01/13/2026,FEU,Z24,5,0.097832409428
01/13/2026,FEU,Z14,5,0.097832409428
01/13/2026,FEU,Z24,6,0.099875891015
01/13/2026,FEU,Z14,6,0.099875891015
01/13/2026,FEU,Z24,7,0.109053224726
01/13/2026,FEU,Z14,7,0.109053224726
01/13/2026,FEU,Z24,8,0.124862022437
01/13/2026,FEU,Z14,8,0.124862022437
01/13/2026,FEU,Z24,9,0.167718953927
01/13/2026,FEU,Z14,9,0.167718953927
01/14/2026,FEU,Z24,1,0.11714672937
01/14/2026,FEU,Z14,1,0.11714672937
01/14/2026,FEU,Z24,10,0.191151756806
01/14/2026,FEU,Z14,10,0.191151756806
01/14/2026,FEU,Z24,11,0.173380059745
01/14/2026,FEU,Z14,11,0.24295253417
01/14/2026,FEU,Z24,12,0.234548968639
01/14/2026,FEU,Z14,12,0.234548968639
01/14/2026,FEU,Z24,13,0.219918898639
01/14/2026,FEU,Z14,13,0.219918898639
01/14/2026,FEU,Z24,14,0.214879802851
01/14/2026,FEU,Z14,14,0.214879802851
01/14/2026,FEU,Z24,15,0.219317333064
01/14/2026,FEU,Z14,15,0.149825983639
01/14/2026,FEU,Z24,16,0.156191589488
01/14/2026,FEU,Z14,16,0.156191589488
01/14/2026,FEU,Z24,17,0.176267203125
01/14/2026,FEU,Z14,17,0.176267203125
01/14/2026,FEU,Z24,18,0.192859463549
01/14/2026,FEU,Z14,18,0.192859463549
01/14/2026,FEU,Z24,19,0.222665926292
01/14/2026,FEU,Z14,19,0.292410344717
01/14/2026,FEU,Z24,2,0.109872030007
01/14/2026,FEU,Z14,2,0.109872030007
01/14/2026,FEU,Z24,20,0.279665904035
01/14/2026,FEU,Z14,20,0.279665904035
01/14/2026,FEU,Z24,21,0.266221527354
01/14/2026,FEU,Z14,21,0.266221527354
01/14/2026,FEU,Z24,22,0.245735427778
01/14/2026,FEU,Z14,22,0.245735427778
01/14/2026,FEU,Z24,23,0.224614881521
01/14/2026,FEU,Z14,23,0.15498780399
01/14/2026,FEU,Z24,24,0.132096570839
01/14/2026,FEU,Z14,24,0.132096570839
01/14/2026,FEU,Z24,3,0.102566106325
01/14/2026,FEU,Z14,3,0.102566106325
01/14/2026,FEU,Z24,4,0.103020564431
01/14/2026,FEU,Z14,4,0.103020564431
01/14/2026,FEU,Z24,5,0.103730669219
01/14/2026,FEU,Z14,5,0.103730669219
01/14/2026,FEU,Z24,6,0.11057510037
01/14/2026,FEU,Z14,6,0.11057510037
01/14/2026,FEU,Z24,7,0.115496907884
01/14/2026,FEU,Z14,7,0.115496907884
01/14/2026,FEU,Z24,8,0.155096512186
01/14/2026,FEU,Z14,8,0.155096512186
01/14/2026,FEU,Z24,9,0.190777969443
01/14/2026,FEU,Z14,9,0.190777969443
01/15/2026,FEU,Z24,1,0.141909066431
01/15/2026,FEU,Z14,1,0.141909066431
01/15/2026,FEU,Z24,10,0.15688632629
01/15/2026,FEU,Z14,10,0.15688632629
01/15/2026,FEU,Z24,11,0.141495690471
01/15/2026,FEU,Z14,11,0.21095753386
01/15/2026,FEU,Z24,12,0.207403576207
01/15/2026,FEU,Z14,12,0.207403576207
01/15/2026,FEU,Z24,13,0.20421562286
01/15/2026,FEU,Z14,13,0.20421562286
01/15/2026,FEU,Z24,14,0.198378981512
01/15/2026,FEU,Z14,14,0.198378981512
01/15/2026,FEU,Z24,15,0.201963728249
01/15/2026,FEU,Z14,15,0.13253249986
01/15/2026,FEU,Z24,16,0.14024541629
01/15/2026,FEU,Z14,16,0.14024541629
01/15/2026,FEU,Z24,17,0.152892310985
01/15/2026,FEU,Z14,17,0.152892310985
01/15/2026,FEU,Z24,18,0.163396008027
01/15/2026,FEU,Z14,18,0.163396008027
01/15/2026,FEU,Z24,19,0.169542971499
01/15/2026,FEU,Z14,19,0.239226483235
01/15/2026,FEU,Z24,2,0.129986138862
01/15/2026,FEU,Z14,2,0.129986138862
01/15/2026,FEU,Z24,20,0.244859826666
01/15/2026,FEU,Z14,20,0.244859826666
01/15/2026,FEU,Z24,21,0.25906940075
01/15/2026,FEU,Z14,21,0.25906940075
01/15/2026,FEU,Z24,22,0.264670555486
01/15/2026,FEU,Z14,22,0.264670555486
01/15/2026,FEU,Z24,23,0.25380493357
01/15/2026,FEU,Z14,23,0.183927659486
01/15/2026,FEU,Z24,24,0.16685004157
01/15/2026,FEU,Z14,24,0.16685004157
01/15/2026,FEU,Z24,3,0.124163348946
01/15/2026,FEU,Z14,3,0.124163348946
01/15/2026,FEU,Z24,4,0.11710151164
01/15/2026,FEU,Z14,4,0.11710151164
01/15/2026,FEU,Z24,5,0.10824389364
01/15/2026,FEU,Z14,5,0.10824389364
01/15/2026,FEU,Z24,6,0.106686301209
01/15/2026,FEU,Z14,6,0.106686301209
01/15/2026,FEU,Z24,7,0.118665703222
01/15/2026,FEU,Z14,7,0.118665703222
01/15/2026,FEU,Z24,8,0.138442612277
01/15/2026,FEU,Z14,8,0.138442612277
01/15/2026,FEU,Z24,9,0.169118649763
01/15/2026,FEU,Z14,9,0.169118649763
01/16/2026,FEU,Z24,1,0.114949888471
01/16/2026,FEU,Z14,1,0.114949888471
01/16/2026,FEU,Z24,10,0.180206637029
01/16/2026,FEU,Z14,10,0.180206637029
01/16/2026,FEU,Z24,11,0.160570958287
01/16/2026,FEU,Z14,11,0.230097758557
01/16/2026,FEU,Z24,12,0.220419098557
01/16/2026,FEU,Z14,12,0.220419098557
01/16/2026,FEU,Z24,13,0.218150462557
01/16/2026,FEU,Z14,13,0.218150462557
01/16/2026,FEU,Z24,14,0.216928824422
01/16/2026,FEU,Z14,14,0.216928824422
01/16/2026,FEU,Z24,15,0.225989668624
01/16/2026,FEU,Z14,15,0.156476687354
01/16/2026,FEU,Z24,16,0.169221308962
01/16/2026,FEU,Z14,16,0.169221308962
01/16/2026,FEU,Z24,17,0.173454237232
01/16/2026,FEU,Z14,17,0.173454237232
01/16/2026,FEU,Z24,18,0.199444319637
01/16/2026,FEU,Z14,18,0.199444319637
01/16/2026,FEU,Z24,19,0.213042487244
01/16/2026,FEU,Z14,19,0.282910834581
01/16/2026,FEU,Z24,2,0.109670391213
01/16/2026,FEU,Z14,2,0.109670391213
01/16/2026,FEU,Z24,20,0.279778409054
01/16/2026,FEU,Z14,20,0.279778409054
01/16/2026,FEU,Z24,21,0.262196201391
01/16/2026,FEU,Z14,21,0.262196201391
01/16/2026,FEU,Z24,22,0.254941411661
01/16/2026,FEU,Z14,22,0.254941411661
01/16/2026,FEU,Z24,23,0.245469197796
01/16/2026,FEU,Z14,23,0.175754636459
01/16/2026,FEU,Z24,24,0.168642779931
01/16/2026,FEU,Z14,24,0.168642779931
01/16/2026,FEU,Z24,3,0.109858851146
01/16/2026,FEU,Z14,3,0.109858851146
01/16/2026,FEU,Z24,4,0.110846673213
01/16/2026,FEU,Z14,4,0.110846673213
01/16/2026,FEU,Z24,5,0.110796929281
01/16/2026,FEU,Z14,5,0.110796929281
01/16/2026,FEU,Z24,6,0.110835410876
01/16/2026,FEU,Z14,6,0.110835410876
01/16/2026,FEU,Z24,7,0.117451951661
01/16/2026,FEU,Z14,7,0.117451951661
01/16/2026,FEU,Z24,8,0.143626419379
01/16/2026,FEU,Z14,8,0.143626419379
01/16/2026,FEU,Z24,9,0.185799979637
01/16/2026,FEU,Z14,9,0.185799979637
01/17/2026,FEU,Z24,1,0.150517222799
01/17/2026,FEU,Z14,1,0.150517222799
01/17/2026,FEU,Z24,10,0.148675946969
01/17/2026,FEU,Z14,10,0.148675946969
01/17/2026,FEU,Z24,11,0.142007048787
01/17/2026,FEU,Z14,11,0.142007048787
01/17/2026,FEU,Z24,12,0.132646235726
01/17/2026,FEU,Z14,12,0.132646235726
01/17/2026,FEU,Z24,13,0.131255226314
01/17/2026,FEU,Z14,13,0.131255226314
01/17/2026,FEU,Z24,14,0.126270906314
01/17/2026,FEU,Z14,14,0.126270906314
01/17/2026,FEU,Z24,15,0.130739431963
01/17/2026,FEU,Z14,15,0.130739431963
01/17/2026,FEU,Z24,16,0.13721488326
01/17/2026,FEU,Z14,16,0.13721488326
01/17/2026,FEU,Z24,17,0.150870173969
01/17/2026,FEU,Z14,17,0.150870173969
01/17/2026,FEU,Z24,18,0.167980345854
01/17/2026,FEU,Z14,18,0.167980345854
01/17/2026,FEU,Z24,19,0.172052513854
01/17/2026,FEU,Z14,19,0.172052513854
01/17/2026,FEU,Z24,2,0.142505471684
01/17/2026,FEU,Z14,2,0.142505471684
01/17/2026,FEU,Z24,20,0.175061874442
01/17/2026,FEU,Z14,20,0.175061874442
01/17/2026,FEU,Z24,21,0.190550098442
01/17/2026,FEU,Z14,21,0.190550098442
01/17/2026,FEU,Z24,22,0.188240921854
01/17/2026,FEU,Z14,22,0.188240921854
01/17/2026,FEU,Z24,23,0.157775327914
01/17/2026,FEU,Z14,23,0.157775327914
01/17/2026,FEU,Z24,24,0.159806302799
01/17/2026,FEU,Z14,24,0.159806302799
01/17/2026,FEU,Z24,3,0.138642617157
01/17/2026,FEU,Z14,3,0.138642617157
01/17/2026,FEU,Z24,4,0.136745017806
01/17/2026,FEU,Z14,4,0.136745017806
01/17/2026,FEU,Z24,5,0.135873311042
01/17/2026,FEU,Z14,5,0.135873311042
01/17/2026,FEU,Z24,6,0.13556443363
01/17/2026,FEU,Z14,6,0.13556443363
01/17/2026,FEU,Z24,7,0.136385765333
01/17/2026,FEU,Z14,7,0.136385765333
01/17/2026,FEU,Z24,8,0.139630192448
01/17/2026,FEU,Z14,8,0.139630192448
01/17/2026,FEU,Z24,9,0.153330346563
01/17/2026,FEU,Z14,9,0.153330346563
01/18/2026,FEU,Z24,1,0.155139618955
01/18/2026,FEU,Z14,1,0.155139618955
01/18/2026,FEU,Z24,10,0.137579480562
01/18/2026,FEU,Z14,10,0.137579480562
01/18/2026,FEU,Z24,11,0.124552257569
01/18/2026,FEU,Z14,11,0.124552257569
01/18/2026,FEU,Z24,12,0.118687549771
01/18/2026,FEU,Z14,12,0.118687549771
01/18/2026,FEU,Z24,13,0.116531942505
01/18/2026,FEU,Z14,13,0.116531942505
01/18/2026,FEU,Z24,14,0.115383228974
01/18/2026,FEU,Z14,14,0.115383228974
01/18/2026,FEU,Z24,15,0.117891517372
01/18/2026,FEU,Z14,15,0.117891517372
01/18/2026,FEU,Z24,16,0.127936602366
01/18/2026,FEU,Z14,16,0.127936602366
01/18/2026,FEU,Z24,17,0.134970589227
01/18/2026,FEU,Z14,17,0.134970589227
01/18/2026,FEU,Z24,18,0.164527362157
01/18/2026,FEU,Z14,18,0.164527362157
01/18/2026,FEU,Z24,19,0.180507201493
01/18/2026,FEU,Z14,19,0.180507201493
01/18/2026,FEU,Z24,2,0.146170854018
01/18/2026,FEU,Z14,2,0.146170854018
01/18/2026,FEU,Z24,20,0.192481345227
01/18/2026,FEU,Z14,20,0.192481345227
01/18/2026,FEU,Z24,21,0.222039981094
01/18/2026,FEU,Z14,21,0.222039981094
01/18/2026,FEU,Z24,22,0.213058677227
01/18/2026,FEU,Z14,22,0.213058677227
01/18/2026,FEU,Z24,23,0.181333401493
01/18/2026,FEU,Z14,23,0.181333401493
01/18/2026,FEU,Z24,24,0.161157454423
01/18/2026,FEU,Z14,24,0.161157454423
01/18/2026,FEU,Z24,3,0.137688324816
01/18/2026,FEU,Z14,3,0.137688324816
01/18/2026,FEU,Z24,4,0.131226369347
01/18/2026,FEU,Z14,4,0.131226369347
01/18/2026,FEU,Z24,5,0.131835755613
01/18/2026,FEU,Z14,5,0.131835755613
01/18/2026,FEU,Z24,6,0.131850383746
01/18/2026,FEU,Z14,6,0.131850383746
01/18/2026,FEU,Z24,7,0.130063249214
01/18/2026,FEU,Z14,7,0.130063249214
01/18/2026,FEU,Z24,8,0.130626803619
01/18/2026,FEU,Z14,8,0.130626803619
01/18/2026,FEU,Z24,9,0.136506870955
01/18/2026,FEU,Z14,9,0.136506870955
01/19/2026,FEU,Z24,1,0.136774116531
01/19/2026,FEU,Z14,1,0.136774116531
01/19/2026,FEU,Z24,10,0.20699710047
01/19/2026,FEU,Z14,10,0.20699710047
01/19/2026,FEU,Z24,11,0.17215505446
01/19/2026,FEU,Z14,11,0.241723326465
01/19/2026,FEU,Z24,12,0.230236049463
01/19/2026,FEU,Z14,12,0.230236049463
01/19/2026,FEU,Z24,13,0.228025351962
01/19/2026,FEU,Z14,13,0.228025351962
01/19/2026,FEU,Z24,14,0.227857339964
01/19/2026,FEU,Z14,14,0.227857339964
01/19/2026,FEU,Z24,15,0.220994551967
01/19/2026,FEU,Z14,15,0.151496830962
01/19/2026,FEU,Z24,16,0.155424988972
01/19/2026,FEU,Z14,16,0.155424988972
01/19/2026,FEU,Z24,17,0.164095571478
01/19/2026,FEU,Z14,17,0.164095571478
01/19/2026,FEU,Z24,18,0.19007632848
01/19/2026,FEU,Z14,18,0.19007632848
01/19/2026,FEU,Z24,19,0.245070841992
01/19/2026,FEU,Z14,19,0.314890638997
01/19/2026,FEU,Z24,2,0.129159905042
01/19/2026,FEU,Z14,2,0.129159905042
01/19/2026,FEU,Z24,20,0.317602474002
01/19/2026,FEU,Z14,20,0.317602474002
01/19/2026,FEU,Z24,21,0.279897201503
01/19/2026,FEU,Z14,21,0.279897201503
01/19/2026,FEU,Z24,22,0.258282529009
01/19/2026,FEU,Z14,22,0.258282529009
01/19/2026,FEU,Z24,23,0.238950576516
01/19/2026,FEU,Z14,23,0.169264504009
01/19/2026,FEU,Z24,24,0.152185229513
01/19/2026,FEU,Z14,24,0.152185229513
01/19/2026,FEU,Z24,3,0.122355263548
01/19/2026,FEU,Z14,3,0.122355263548
01/19/2026,FEU,Z24,4,0.120623627548
01/19/2026,FEU,Z14,4,0.120623627548
01/19/2026,FEU,Z24,5,0.119743721543
01/19/2026,FEU,Z14,5,0.119743721543
01/19/2026,FEU,Z24,6,0.121292662536
01/19/2026,FEU,Z14,6,0.121292662536
01/19/2026,FEU,Z24,7,0.143390006511
01/19/2026,FEU,Z14,7,0.143390006511
01/19/2026,FEU,Z24,8,0.189336959488
01/19/2026,FEU,Z14,8,0.189336959488
01/19/2026,FEU,Z24,9,0.233757788475
01/19/2026,FEU,Z14,9,0.233757788475
01/20/2026,FEU,Z24,1,0.126346546508
01/20/2026,FEU,Z14,1,0.126346546508
01/20/2026,FEU,Z24,10,0.177200748464
01/20/2026,FEU,Z14,10,0.177200748464
01/20/2026,FEU,Z24,11,0.147676466079
01/20/2026,FEU,Z14,11,0.217158802582
01/20/2026,FEU,Z24,12,0.212589906708
01/20/2026,FEU,Z14,12,0.212589906708
01/20/2026,FEU,Z24,13,0.210937318834
01/20/2026,FEU,Z14,13,0.210937318834
01/20/2026,FEU,Z24,14,0.202425518834
01/20/2026,FEU,Z14,14,0.202425518834
01/20/2026,FEU,Z24,15,0.201620779086
01/20/2026,FEU,Z14,15,0.132190354582
01/20/2026,FEU,Z24,16,0.134539067338
01/20/2026,FEU,Z14,16,0.134539067338
01/20/2026,FEU,Z24,17,0.140858156716
01/20/2026,FEU,Z14,17,0.140858156716
01/20/2026,FEU,Z24,18,0.166286388597
01/20/2026,FEU,Z14,18,0.166286388597
01/20/2026,FEU,Z24,19,0.186379656479
01/20/2026,FEU,Z14,19,0.256135638108
01/20/2026,FEU,Z24,2,0.120833354264
01/20/2026,FEU,Z14,2,0.120833354264
01/20/2026,FEU,Z24,20,0.257395155486
01/20/2026,FEU,Z14,20,0.257395155486
01/20/2026,FEU,Z24,21,0.257650054242
01/20/2026,FEU,Z14,21,0.257650054242
01/20/2026,FEU,Z24,22,0.249643431745
01/20/2026,FEU,Z14,22,0.249643431745
01/20/2026,FEU,Z24,23,0.234550562375
01/20/2026,FEU,Z14,23,0.164882671745
01/20/2026,FEU,Z24,24,0.154584316627
01/20/2026,FEU,Z14,24,0.154584316627
01/20/2026,FEU,Z24,3,0.11274898202
01/20/2026,FEU,Z14,3,0.11274898202
01/20/2026,FEU,Z24,4,0.108568397397
01/20/2026,FEU,Z14,4,0.108568397397
01/20/2026,FEU,Z24,5,0.10552547402
01/20/2026,FEU,Z14,5,0.10552547402
01/20/2026,FEU,Z24,6,0.10879435839
01/20/2026,FEU,Z14,6,0.10879435839
01/20/2026,FEU,Z24,7,0.117718744123
01/20/2026,FEU,Z14,7,0.117718744123
01/20/2026,FEU,Z24,8,0.141058449856
01/20/2026,FEU,Z14,8,0.141058449856
01/20/2026,FEU,Z24,9,0.185178108471
01/20/2026,FEU,Z14,9,0.185178108471
01/21/2026,FEU,Z24,1,0.11770676634
01/21/2026,FEU,Z14,1,0.11770676634
01/21/2026,FEU,Z24,10,0.161067822576
01/21/2026,FEU,Z14,10,0.161067822576
01/21/2026,FEU,Z24,11,0.150855765282
01/21/2026,FEU,Z14,11,0.220350969399
01/21/2026,FEU,Z24,12,0.209513611752
01/21/2026,FEU,Z14,12,0.209513611752
01/21/2026,FEU,Z24,13,0.197875261752
01/21/2026,FEU,Z14,13,0.197875261752
01/21/2026,FEU,Z24,14,0.195476587811
01/21/2026,FEU,Z14,14,0.195476587811
01/21/2026,FEU,Z24,15,0.20141225487
01/21/2026,FEU,Z14,15,0.131982171752
01/21/2026,FEU,Z24,16,0.139737241987
01/21/2026,FEU,Z14,16,0.139737241987
01/21/2026,FEU,Z24,17,0.140924819164
01/21/2026,FEU,Z14,17,0.140924819164
01/21/2026,FEU,Z24,18,0.144978039281
01/21/2026,FEU,Z14,18,0.144978039281
01/21/2026,FEU,Z24,19,0.143971729987
01/21/2026,FEU,Z14,19,0.213451630105
01/21/2026,FEU,Z24,2,0.110309873516
01/21/2026,FEU,Z14,2,0.110309873516
01/21/2026,FEU,Z24,20,0.227547833693
01/21/2026,FEU,Z14,20,0.227547833693
01/21/2026,FEU,Z24,21,0.234196435281
01/21/2026,FEU,Z14,21,0.234196435281
01/21/2026,FEU,Z24,22,0.226339497399
01/21/2026,FEU,Z14,22,0.226339497399
01/21/2026,FEU,Z24,23,0.222859444105
01/21/2026,FEU,Z14,23,0.153239614458
01/21/2026,FEU,Z24,24,0.139025382693
01/21/2026,FEU,Z14,24,0.139025382693
01/21/2026,FEU,Z24,3,0.104974734104
01/21/2026,FEU,Z14,3,0.104974734104
01/21/2026,FEU,Z24,4,0.096261584634
01/21/2026,FEU,Z14,4,0.096261584634
01/21/2026,FEU,Z24,5,0.094490651575
01/21/2026,FEU,Z14,5,0.094490651575
01/21/2026,FEU,Z24,6,0.09893294734
01/21/2026,FEU,Z14,6,0.09893294734
01/21/2026,FEU,Z24,7,0.114814182928
01/21/2026,FEU,Z14,7,0.114814182928
01/21/2026,FEU,Z24,8,0.133263408458
01/21/2026,FEU,Z14,8,0.133263408458
01/21/2026,FEU,Z24,9,0.163852509752
01/21/2026,FEU,Z14,9,0.163852509752
01/22/2026,FEU,Z24,1,0.076245255821
01/22/2026,FEU,Z14,1,0.076245255821
01/22/2026,FEU,Z24,10,0.153453360872
01/22/2026,FEU,Z14,10,0.153453360872
01/22/2026,FEU,Z24,11,0.143755556795
01/22/2026,FEU,Z14,11,0.21322403655
01/22/2026,FEU,Z24,12,0.195124355739
01/22/2026,FEU,Z14,12,0.195124355739
01/22/2026,FEU,Z24,13,0.19101422555
01/22/2026,FEU,Z14,13,0.19101422555
01/22/2026,FEU,Z24,14,0.191535779362
01/22/2026,FEU,Z14,14,0.191535779362
01/22/2026,FEU,Z24,15,0.193954422305
01/22/2026,FEU,Z14,15,0.12455064655
01/22/2026,FEU,Z24,16,0.134472450872
01/22/2026,FEU,Z14,16,0.134472450872
01/22/2026,FEU,Z24,17,0.139863001249
01/22/2026,FEU,Z14,17,0.139863001249
01/22/2026,FEU,Z24,18,0.149450921816
01/22/2026,FEU,Z14,18,0.149450921816
01/22/2026,FEU,Z24,19,0.150907473703
01/22/2026,FEU,Z14,19,0.220512354647
01/22/2026,FEU,Z24,2,0.070781278142
01/22/2026,FEU,Z14,2,0.070781278142
01/22/2026,FEU,Z24,20,0.221636639969
01/22/2026,FEU,Z14,20,0.221636639969
01/22/2026,FEU,Z24,21,0.220793359102
01/22/2026,FEU,Z14,21,0.220793359102
01/22/2026,FEU,Z24,22,0.217687620045
01/22/2026,FEU,Z14,22,0.217687620045
01/22/2026,FEU,Z24,23,0.203420099178
01/22/2026,FEU,Z14,23,0.133793052045
01/22/2026,FEU,Z24,24,0.122320329178
01/22/2026,FEU,Z14,24,0.122320329178
01/22/2026,FEU,Z24,3,0.083720203275
01/22/2026,FEU,Z14,3,0.083720203275
01/22/2026,FEU,Z24,4,0.072265061653
01/22/2026,FEU,Z14,4,0.072265061653
01/22/2026,FEU,Z24,5,0.067975468653
01/22/2026,FEU,Z14,5,0.067975468653
01/22/2026,FEU,Z24,6,0.082053861331
01/22/2026,FEU,Z14,6,0.082053861331
01/22/2026,FEU,Z24,7,0.085895102989
01/22/2026,FEU,Z14,7,0.085895102989
01/22/2026,FEU,Z24,8,0.096209030214
01/22/2026,FEU,Z14,8,0.096209030214
01/22/2026,FEU,Z24,9,0.14635626276
01/22/2026,FEU,Z14,9,0.14635626276
01/23/2026,FEU,Z24,1,0.079141575679
01/23/2026,FEU,Z14,1,0.079141575679
01/23/2026,FEU,Z24,10,0.11176281319
01/23/2026,FEU,Z14,10,0.11176281319
01/23/2026,FEU,Z24,11,0.082664153869
01/23/2026,FEU,Z14,11,0.151923473986
01/23/2026,FEU,Z24,12,0.145139681986
01/23/2026,FEU,Z14,12,0.145139681986
01/23/2026,FEU,Z24,13,0.144926669986
01/23/2026,FEU,Z14,13,0.144926669986
01/23/2026,FEU,Z24,14,0.144787171927
01/23/2026,FEU,Z14,14,0.144787171927
01/23/2026,FEU,Z24,15,0.146670599015
01/23/2026,FEU,Z14,15,0.077429957898
01/23/2026,FEU,Z24,16,0.081604644161
01/23/2026,FEU,Z14,16,0.081604644161
01/23/2026,FEU,Z24,17,0.094298416278
01/23/2026,FEU,Z14,17,0.094298416278
01/23/2026,FEU,Z24,18,0.127861934453
01/23/2026,FEU,Z14,18,0.127861934453
01/23/2026,FEU,Z24,19,0.174955204716
01/23/2026,FEU,Z14,19,0.244662192862
01/23/2026,FEU,Z24,2,0.070837009
01/23/2026,FEU,Z14,2,0.070837009
01/23/2026,FEU,Z24,20,0.267410465066
01/23/2026,FEU,Z14,20,0.267410465066
01/23/2026,FEU,Z24,21,0.272073295212
01/23/2026,FEU,Z14,21,0.272073295212
01/23/2026,FEU,Z24,22,0.263954655329
01/23/2026,FEU,Z14,22,0.263954655329
01/23/2026,FEU,Z24,23,0.237577819387
01/23/2026,FEU,Z14,23,0.167897020241
01/23/2026,FEU,Z24,24,0.144457425446
01/23/2026,FEU,Z14,24,0.144457425446
01/23/2026,FEU,Z24,3,0.067779843971
01/23/2026,FEU,Z14,3,0.067779843971
01/23/2026,FEU,Z24,4,0.06321337
01/23/2026,FEU,Z14,4,0.06321337
01/23/2026,FEU,Z24,5,0.06362476403
01/23/2026,FEU,Z14,5,0.06362476403
01/23/2026,FEU,Z24,6,0.073143131854
01/23/2026,FEU,Z14,6,0.073143131854
01/23/2026,FEU,Z24,7,0.083482365329
01/23/2026,FEU,Z14,7,0.083482365329
01/23/2026,FEU,Z24,8,0.110783357774
01/23/2026,FEU,Z14,8,0.110783357774
01/23/2026,FEU,Z24,9,0.140536314453
01/23/2026,FEU,Z14,9,0.140536314453
01/24/2026,FEU,Z24,1,0.098647533066
01/24/2026,FEU,Z14,1,0.098647533066
01/24/2026,FEU,Z24,10,0.095578368879
01/24/2026,FEU,Z14,10,0.095578368879
01/24/2026,FEU,Z24,11,0.082552703784
01/24/2026,FEU,Z14,11,0.082552703784
01/24/2026,FEU,Z24,12,0.065805014419
01/24/2026,FEU,Z14,12,0.065805014419
01/24/2026,FEU,Z24,13,0.057797702146
01/24/2026,FEU,Z14,13,0.057797702146
01/24/2026,FEU,Z24,14,0.057354022146
01/24/2026,FEU,Z14,14,0.057354022146
01/24/2026,FEU,Z24,15,0.057669891238
01/24/2026,FEU,Z14,15,0.057669891238
01/24/2026,FEU,Z24,16,0.058908661422
01/24/2026,FEU,Z14,16,0.058908661422
01/24/2026,FEU,Z24,17,0.060620861879
01/24/2026,FEU,Z14,17,0.060620861879
01/24/2026,FEU,Z24,18,0.08192588179
01/24/2026,FEU,Z14,18,0.08192588179
01/24/2026,FEU,Z24,19,0.07897111379
01/24/2026,FEU,Z14,19,0.07897111379
01/24/2026,FEU,Z24,2,0.085306241977
01/24/2026,FEU,Z14,2,0.085306241977
01/24/2026,FEU,Z24,20,0.082547570517
01/24/2026,FEU,Z14,20,0.082547570517
01/24/2026,FEU,Z24,21,0.088650162517
01/24/2026,FEU,Z14,21,0.088650162517
01/24/2026,FEU,Z24,22,0.09009437779
01/24/2026,FEU,Z14,22,0.09009437779
01/24/2026,FEU,Z24,23,0.076919005155
01/24/2026,FEU,Z14,23,0.076919005155
01/24/2026,FEU,Z24,24,0.073740013066
01/24/2026,FEU,Z14,24,0.073740013066
01/24/2026,FEU,Z24,3,0.079210612615
01/24/2026,FEU,Z14,3,0.079210612615
01/24/2026,FEU,Z24,4,0.075350061707
01/24/2026,FEU,Z14,4,0.075350061707
01/24/2026,FEU,Z24,5,0.070362698526
01/24/2026,FEU,Z14,5,0.070362698526
01/24/2026,FEU,Z24,6,0.064975953253
01/24/2026,FEU,Z14,6,0.064975953253
01/24/2026,FEU,Z24,7,0.060852665069
01/24/2026,FEU,Z14,7,0.060852665069
01/24/2026,FEU,Z24,8,0.074667446158
01/24/2026,FEU,Z14,8,0.074667446158
01/24/2026,FEU,Z24,9,0.092235560247
01/24/2026,FEU,Z14,9,0.092235560247
01/25/2026,FEU,Z24,1,0.08457874692
01/25/2026,FEU,Z14,1,0.08457874692
01/25/2026,FEU,Z24,10,0.083949439653
01/25/2026,FEU,Z14,10,0.083949439653
01/25/2026,FEU,Z24,11,0.076746684598
01/25/2026,FEU,Z14,11,0.076746684598
01/25/2026,FEU,Z24,12,0.073496407176
01/25/2026,FEU,Z14,12,0.073496407176
01/25/2026,FEU,Z24,13,0.072836573369
01/25/2026,FEU,Z14,13,0.072836573369
01/25/2026,FEU,Z24,14,0.071835354754
01/25/2026,FEU,Z14,14,0.071835354754
01/25/2026,FEU,Z24,15,0.071744253965
01/25/2026,FEU,Z14,15,0.071744253965
01/25/2026,FEU,Z24,16,0.07413300102
01/25/2026,FEU,Z14,16,0.07413300102
01/25/2026,FEU,Z24,17,0.076979813672
01/25/2026,FEU,Z14,17,0.076979813672
01/25/2026,FEU,Z24,18,0.077529492498
01/25/2026,FEU,Z14,18,0.077529492498
01/25/2026,FEU,Z24,19,0.089868530479
01/25/2026,FEU,Z14,19,0.089868530479
01/25/2026,FEU,Z24,2,0.080937012149
01/25/2026,FEU,Z14,2,0.080937012149
01/25/2026,FEU,Z24,20,0.093321349672
01/25/2026,FEU,Z14,20,0.093321349672
01/25/2026,FEU,Z24,21,0.093727081268
01/25/2026,FEU,Z14,21,0.093727081268
01/25/2026,FEU,Z24,22,0.098727690672
01/25/2026,FEU,Z14,22,0.098727690672
01/25/2026,FEU,Z24,23,0.096368780479
01/25/2026,FEU,Z14,23,0.096368780479
01/25/2026,FEU,Z24,24,0.085467105305
01/25/2026,FEU,Z14,24,0.085467105305
01/25/2026,FEU,Z24,3,0.071721900571
01/25/2026,FEU,Z14,3,0.071721900571
01/25/2026,FEU,Z24,4,0.070869070186
01/25/2026,FEU,Z14,4,0.070869070186
01/25/2026,FEU,Z24,5,0.071572056993
01/25/2026,FEU,Z14,5,0.071572056993
01/25/2026,FEU,Z24,6,0.071462252397
01/25/2026,FEU,Z14,6,0.071462252397
01/25/2026,FEU,Z24,7,0.073149101782
01/25/2026,FEU,Z14,7,0.073149101782
01/25/2026,FEU,Z24,8,0.071962600938
01/25/2026,FEU,Z14,8,0.071962600938
01/25/2026,FEU,Z24,9,0.08374384092
01/25/2026,FEU,Z14,9,0.08374384092
01/26/2026,FEU,Z24,1,0.054842097954
01/26/2026,FEU,Z14,1,0.054842097954
01/26/2026,FEU,Z24,10,0.142846830856
01/26/2026,FEU,Z14,10,0.142846830856
01/26/2026,FEU,Z24,11,0.133858392673
01/26/2026,FEU,Z14,11,0.203295286764
01/26/2026,FEU,Z24,12,0.198679634718
01/26/2026,FEU,Z14,12,0.198679634718
01/26/2026,FEU,Z24,13,0.181117228695
01/26/2026,FEU,Z14,13,0.181117228695
01/26/2026,FEU,Z24,14,0.178316898741
01/26/2026,FEU,Z14,14,0.178316898741
01/26/2026,FEU,Z24,15,0.179204514787
01/26/2026,FEU,Z14,15,0.109849543695
01/26/2026,FEU,Z24,16,0.116664701878
01/26/2026,FEU,Z14,16,0.116664701878
01/26/2026,FEU,Z24,17,0.126607586993
01/26/2026,FEU,Z14,17,0.126607586993
01/26/2026,FEU,Z24,18,0.121829447039
01/26/2026,FEU,Z14,18,0.121829447039
01/26/2026,FEU,Z24,19,0.134153633244
01/26/2026,FEU,Z14,19,0.203600912336
01/26/2026,FEU,Z24,2,0.055683388159
01/26/2026,FEU,Z14,2,0.055683388159
01/26/2026,FEU,Z24,20,0.231210353427
01/26/2026,FEU,Z14,20,0.231210353427
01/26/2026,FEU,Z24,21,0.24321262745
01/26/2026,FEU,Z14,21,0.24321262745
01/26/2026,FEU,Z24,22,0.231133302565
01/26/2026,FEU,Z14,22,0.231133302565
01/26/2026,FEU,Z24,23,0.184761357679
01/26/2026,FEU,Z14,23,0.115299207565
01/26/2026,FEU,Z24,24,0.105898923633
01/26/2026,FEU,Z14,24,0.105898923633
01/26/2026,FEU,Z24,3,0.055545164274
01/26/2026,FEU,Z14,3,0.055545164274
01/26/2026,FEU,Z24,4,0.058795844274
01/26/2026,FEU,Z14,4,0.058795844274
01/26/2026,FEU,Z24,5,0.058340252182
01/26/2026,FEU,Z14,5,0.058340252182
01/26/2026,FEU,Z24,6,0.058956106045
01/26/2026,FEU,Z14,6,0.058956106045
01/26/2026,FEU,Z24,7,0.056175127588
01/26/2026,FEU,Z14,7,0.056175127588
01/26/2026,FEU,Z24,8,0.077770123176
01/26/2026,FEU,Z14,8,0.077770123176
01/26/2026,FEU,Z24,9,0.148591358947
01/26/2026,FEU,Z14,9,0.148591358947
01/27/2026,FEU,Z24,1,0.071822968378
01/27/2026,FEU,Z14,1,0.071822968378
01/27/2026,FEU,Z24,10,0.119962128087
01/27/2026,FEU,Z14,10,0.119962128087
01/27/2026,FEU,Z24,11,0.110618967021
01/27/2026,FEU,Z14,11,0.179973519045
01/27/2026,FEU,Z24,12,0.178896802051
01/27/2026,FEU,Z14,12,0.178896802051
01/27/2026,FEU,Z24,13,0.178410443057
01/27/2026,FEU,Z14,13,0.178410443057
01/27/2026,FEU,Z24,14,0.174444877057
01/27/2026,FEU,Z14,14,0.174444877057
01/27/2026,FEU,Z24,15,0.172146159069
01/27/2026,FEU,Z14,15,0.102816675045
01/27/2026,FEU,Z24,16,0.096959697081
01/27/2026,FEU,Z14,16,0.096959697081
01/27/2026,FEU,Z24,17,0.109291413099
01/27/2026,FEU,Z14,17,0.109291413099
01/27/2026,FEU,Z24,18,0.132758907142
01/27/2026,FEU,Z14,18,0.132758907142
01/27/2026,FEU,Z24,19,0.139421794184
01/27/2026,FEU,Z14,19,0.208978783214
01/27/2026,FEU,Z24,2,0.058853107414
01/27/2026,FEU,Z14,2,0.058853107414
01/27/2026,FEU,Z24,20,0.241421447232
01/27/2026,FEU,Z14,20,0.241421447232
01/27/2026,FEU,Z24,21,0.253141356269
01/27/2026,FEU,Z14,21,0.253141356269
01/27/2026,FEU,Z24,22,0.222109037293
01/27/2026,FEU,Z14,22,0.222109037293
01/27/2026,FEU,Z24,23,0.187629037323
01/27/2026,FEU,Z14,23,0.118153832293
01/27/2026,FEU,Z24,24,0.095070123335
01/27/2026,FEU,Z14,24,0.095070123335
01/27/2026,FEU,Z24,3,0.05870054845
01/27/2026,FEU,Z14,3,0.05870054845
01/27/2026,FEU,Z24,4,0.059261311468
01/27/2026,FEU,Z14,4,0.059261311468
01/27/2026,FEU,Z24,5,0.05926311545
01/27/2026,FEU,Z14,5,0.05926311545
01/27/2026,FEU,Z24,6,0.05827688142
01/27/2026,FEU,Z14,6,0.05827688142
01/27/2026,FEU,Z24,7,0.055850879311
01/27/2026,FEU,Z14,7,0.055850879311
01/27/2026,FEU,Z24,8,0.071702727202
01/27/2026,FEU,Z14,8,0.071702727202
01/27/2026,FEU,Z24,9,0.117517515135
01/27/2026,FEU,Z14,9,0.117517515135
01/28/2026,FEU,Z24,1,0.055980219112
01/28/2026,FEU,Z14,1,0.055980219112
01/28/2026,FEU,Z24,10,0.174455363908
01/28/2026,FEU,Z14,10,0.174455363908
01/28/2026,FEU,Z24,11,0.131031390976
01/28/2026,FEU,Z14,11,0.200458586949
01/28/2026,FEU,Z24,12,0.173596619483
01/28/2026,FEU,Z14,12,0.173596619483
01/28/2026,FEU,Z24,13,0.162738819483
01/28/2026,FEU,Z14,13,0.162738819483
01/28/2026,FEU,Z24,14,0.157389166469
01/28/2026,FEU,Z14,14,0.157389166469
01/28/2026,FEU,Z24,15,0.152472027456
01/28/2026,FEU,Z14,15,0.083209404483
01/28/2026,FEU,Z24,16,0.083495368428
01/28/2026,FEU,Z14,16,0.083495368428
01/28/2026,FEU,Z24,17,0.088070206387
01/28/2026,FEU,Z14,17,0.088070206387
01/28/2026,FEU,Z24,18,0.105083687359
01/28/2026,FEU,Z14,18,0.105083687359
01/28/2026,FEU,Z24,19,0.131313656811
01/28/2026,FEU,Z14,19,0.200751008784
01/28/2026,FEU,Z24,2,0.05785655407
01/28/2026,FEU,Z14,2,0.05785655407
01/28/2026,FEU,Z24,20,0.232351351263
01/28/2026,FEU,Z14,20,0.232351351263
01/28/2026,FEU,Z24,21,0.244445591742
01/28/2026,FEU,Z14,21,0.244445591742
01/28/2026,FEU,Z24,22,0.227248473715
01/28/2026,FEU,Z14,22,0.227248473715
01/28/2026,FEU,Z24,23,0.181750794167
01/28/2026,FEU,Z14,23,0.112300694701
01/28/2026,FEU,Z24,24,0.089729654646
01/28/2026,FEU,Z14,24,0.089729654646
01/28/2026,FEU,Z24,3,0.05705567355
01/28/2026,FEU,Z14,3,0.05705567355
01/28/2026,FEU,Z24,4,0.057548040043
01/28/2026,FEU,Z14,4,0.057548040043
01/28/2026,FEU,Z24,5,0.058456071057
01/28/2026,FEU,Z14,5,0.058456071057
01/28/2026,FEU,Z24,6,0.058109812112
01/28/2026,FEU,Z14,6,0.058109812112
01/28/2026,FEU,Z24,7,0.064525874208
01/28/2026,FEU,Z14,7,0.064525874208
01/28/2026,FEU,Z24,8,0.090137146318
01/28/2026,FEU,Z14,8,0.090137146318
01/28/2026,FEU,Z24,9,0.168691574866
01/28/2026,FEU,Z14,9,0.168691574866
01/29/2026,FEU,Z24,1,0.082350337877
01/29/2026,FEU,Z14,1,0.082350337877
01/29/2026,FEU,Z24,10,0.124395902146
01/29/2026,FEU,Z14,10,0.124395902146
01/29/2026,FEU,Z24,11,0.117041261853
01/29/2026,FEU,Z14,11,0.186417543868
01/29/2026,FEU,Z24,12,0.181826313622
01/29/2026,FEU,Z14,12,0.181826313622
01/29/2026,FEU,Z24,13,0.178046269868
01/29/2026,FEU,Z14,13,0.178046269868
01/29/2026,FEU,Z24,14,0.177221758115
01/29/2026,FEU,Z14,14,0.177221758115
01/29/2026,FEU,Z24,15,0.174970325884
01/29/2026,FEU,Z14,15,0.105631619868
01/29/2026,FEU,Z24,16,0.104083532146
01/29/2026,FEU,Z14,16,0.104083532146
01/29/2026,FEU,Z24,17,0.105163087654
01/29/2026,FEU,Z14,17,0.105163087654
01/29/2026,FEU,Z24,18,0.115951160916
01/29/2026,FEU,Z14,18,0.115951160916
01/29/2026,FEU,Z24,19,0.116761183456
01/29/2026,FEU,Z14,19,0.186221987226
01/29/2026,FEU,Z24,2,0.077697976154
01/29/2026,FEU,Z14,2,0.077697976154
01/29/2026,FEU,Z24,20,0.183583489504
01/29/2026,FEU,Z14,20,0.183583489504
01/29/2026,FEU,Z24,21,0.182940441027
01/29/2026,FEU,Z14,21,0.182940441027
01/29/2026,FEU,Z24,22,0.183748334797
01/29/2026,FEU,Z14,22,0.183748334797
01/29/2026,FEU,Z24,23,0.177052705321
01/29/2026,FEU,Z14,23,0.107555974797
01/29/2026,FEU,Z24,24,0.091824121321
01/29/2026,FEU,Z14,24,0.091824121321
01/29/2026,FEU,Z24,3,0.074342667678
01/29/2026,FEU,Z14,3,0.074342667678
01/29/2026,FEU,Z24,4,0.074734362186
01/29/2026,FEU,Z14,4,0.074734362186
01/29/2026,FEU,Z24,5,0.074697072186
01/29/2026,FEU,Z14,5,0.074697072186
01/29/2026,FEU,Z24,6,0.075725003908
01/29/2026,FEU,Z14,6,0.075725003908
01/29/2026,FEU,Z24,7,0.085017576567
01/29/2026,FEU,Z14,7,0.085017576567
01/29/2026,FEU,Z24,8,0.114263373488
01/29/2026,FEU,Z14,8,0.114263373488
01/29/2026,FEU,Z24,9,0.126706389686
01/29/2026,FEU,Z14,9,0.126706389686
01/30/2026,FEU,Z24,1,0.066499928046
01/30/2026,FEU,Z14,1,0.066499928046
01/30/2026,FEU,Z24,10,0.118384762962
01/30/2026,FEU,Z14,10,0.118384762962
01/30/2026,FEU,Z24,11,0.101954899159
01/30/2026,FEU,Z14,11,0.171279575088
01/30/2026,FEU,Z24,12,0.163893995088
01/30/2026,FEU,Z14,12,0.163893995088
01/30/2026,FEU,Z24,13,0.163019831088
01/30/2026,FEU,Z14,13,0.163019831088
01/30/2026,FEU,Z24,14,0.162069543124
01/30/2026,FEU,Z14,14,0.162069543124
01/30/2026,FEU,Z24,15,0.16223610907
01/30/2026,FEU,Z14,15,0.092942024142
01/30/2026,FEU,Z24,16,0.09551354898
01/30/2026,FEU,Z14,16,0.09551354898
01/30/2026,FEU,Z24,17,0.096824808908
01/30/2026,FEU,Z14,17,0.096824808908
01/30/2026,FEU,Z24,18,0.1035078588
01/30/2026,FEU,Z14,18,0.1035078588
01/30/2026,FEU,Z24,19,0.122446530638
01/30/2026,FEU,Z14,19,0.191932708549
01/30/2026,FEU,Z24,2,0.067356191848
01/30/2026,FEU,Z14,2,0.067356191848
01/30/2026,FEU,Z24,20,0.193766289423
01/30/2026,FEU,Z14,20,0.193766289423
01/30/2026,FEU,Z24,21,0.193737508333
01/30/2026,FEU,Z14,21,0.193737508333
01/30/2026,FEU,Z24,22,0.191170678261
01/30/2026,FEU,Z14,22,0.191170678261
01/30/2026,FEU,Z24,23,0.178097650225
01/30/2026,FEU,Z14,23,0.108662231315
01/30/2026,FEU,Z24,24,0.091818328189
01/30/2026,FEU,Z14,24,0.091818328189
01/30/2026,FEU,Z24,3,0.068705017866
01/30/2026,FEU,Z14,3,0.068705017866
01/30/2026,FEU,Z24,4,0.069171167848
01/30/2026,FEU,Z14,4,0.069171167848
01/30/2026,FEU,Z24,5,0.06942573983
01/30/2026,FEU,Z14,5,0.06942573983
01/30/2026,FEU,Z24,6,0.068954365938
01/30/2026,FEU,Z14,6,0.068954365938
01/30/2026,FEU,Z24,7,0.066825448261
01/30/2026,FEU,Z14,7,0.066825448261
01/30/2026,FEU,Z24,8,0.092887335603
01/30/2026,FEU,Z14,8,0.092887335603
01/30/2026,FEU,Z24,9,0.1279338588
01/30/2026,FEU,Z14,9,0.1279338588
01/31/2026,FEU,Z24,1,0.068873344855
01/31/2026,FEU,Z14,1,0.068873344855
01/31/2026,FEU,Z24,10,0.076960380042
01/31/2026,FEU,Z14,10,0.076960380042
01/31/2026,FEU,Z24,11,0.076329676032
01/31/2026,FEU,Z14,11,0.076329676032
01/31/2026,FEU,Z24,12,0.076021760028
01/31/2026,FEU,Z14,12,0.076021760028
01/31/2026,FEU,Z24,13,0.076211516827
01/31/2026,FEU,Z14,13,0.076211516827
01/31/2026,FEU,Z24,14,0.076486456827
01/31/2026,FEU,Z14,14,0.076486456827
01/31/2026,FEU,Z24,15,0.07707201363
01/31/2026,FEU,Z14,15,0.07707201363
01/31/2026,FEU,Z24,16,0.078174871236
01/31/2026,FEU,Z14,16,0.078174871236
01/31/2026,FEU,Z24,17,0.077386735042
01/31/2026,FEU,Z14,17,0.077386735042
01/31/2026,FEU,Z24,18,0.072055226447
01/31/2026,FEU,Z14,18,0.072055226447
01/31/2026,FEU,Z24,19,0.081964450447
01/31/2026,FEU,Z14,19,0.081964450447
01/31/2026,FEU,Z24,2,0.07101896526
01/31/2026,FEU,Z14,2,0.07101896526
01/31/2026,FEU,Z24,20,0.099777408246
01/31/2026,FEU,Z14,20,0.099777408246
01/31/2026,FEU,Z24,21,0.104053809246
01/31/2026,FEU,Z14,21,0.104053809246
01/31/2026,FEU,Z24,22,0.107215274447
01/31/2026,FEU,Z14,22,0.107215274447
01/31/2026,FEU,Z24,23,0.09429635545
01/31/2026,FEU,Z14,23,0.09429635545
01/31/2026,FEU,Z24,24,0.078089224855
01/31/2026,FEU,Z14,24,0.078089224855
01/31/2026,FEU,Z24,3,0.073252667464
01/31/2026,FEU,Z14,3,0.073252667464
01/31/2026,FEU,Z24,4,0.074585506267
01/31/2026,FEU,Z14,4,0.074585506267
01/31/2026,FEU,Z24,5,0.075323848869
01/31/2026,FEU,Z14,5,0.075323848869
01/31/2026,FEU,Z24,6,0.074398458669
01/31/2026,FEU,Z14,6,0.074398458669
01/31/2026,FEU,Z24,7,0.073139187063
01/31/2026,FEU,Z14,7,0.073139187063
01/31/2026,FEU,Z24,8,0.075898701658
01/31/2026,FEU,Z14,8,0.075898701658
01/31/2026,FEU,Z24,9,0.073148044253
01/31/2026,FEU,Z14,9,0.073148044253
