datetime,psrType,mw,unit,businessType,curveType,objectAggregation,revisionNumber,source_file
2023-12-31 22:45:00+00:00,B01,248.0,MAW,A01,A01,A08,,REE_AggGenOutput_202312312404.xml
2023-12-31 22:45:00+00:00,B02,0.0,MAW,A01,A01,A08,,REE_AggGenOutput_202312312404.xml
2023-12-31 22:45:00+00:00,B03,0.0,MAW,A01,A01,A08,,REE_AggGenOutput_202312312404.xml
2023-12-31 22:45:00+00:00,B04,4660.0,MAW,A01,A01,A08,,REE_AggGenOutput_202312312404.xml
2023-12-31 22:45:00+00:00,B05,280.0,MAW,A01,A01,A08,,REE_AggGenOutput_202312312404.xml
2023-12-31 22:45:00+00:00,B06,24.0,MAW,A01,A01,A08,,REE_AggGenOutput_202312312404.xml
2023-12-31 22:45:00+00:00,B07,0.0,MAW,A01,A01,A08,,REE_AggGenOutput_202312312404.xml
2023-12-31 22:45:00+00:00,B08,0.0,MAW,A01,A01,A08,,REE_AggGenOutput_202312312404.xml
2023-12-31 22:45:00+00:00,B09,0.0,MAW,A01,A01,A08,,REE_AggGenOutput_202312312404.xml
2023-12-31 22:45:00+00:00,B10,1632.0,MAW,A01,A01,A08,,REE_AggGenOutput_202312312404.xml
2023-12-31 22:45:00+00:00,B10,152.0,MAW,A01,A01,A08,,REE_AggGenOutput_202312312404.xml
2023-12-31 22:45:00+00:00,B11,1032.0,MAW,A01,A01,A08,,REE_AggGenOutput_202312312404.xml
2023-12-31 22:45:00+00:00,B12,2696.0,MAW,A01,A01,A08,,REE_AggGenOutput_202312312404.xml
2023-12-31 22:45:00+00:00,B13,0.0,MAW,A01,A01,A08,,REE_AggGenOutput_202312312404.xml
2023-12-31 22:45:00+00:00,B14,7096.0,MAW,A01,A01,A08,,REE_AggGenOutput_202312312404.xml
2023-12-31 22:45:00+00:00,B15,76.0,MAW,A01,A01,A08,,REE_AggGenOutput_202312312404.xml
2023-12-31 22:45:00+00:00,B16,28.0,MAW,A01,A01,A08,,REE_AggGenOutput_202312312404.xml
2023-12-31 22:45:00+00:00,B17,240.0,MAW,A01,A01,A08,,REE_AggGenOutput_202312312404.xml
2023-12-31 22:45:00+00:00,B18,0.0,MAW,A01,A01,A08,,REE_AggGenOutput_202312312404.xml
2023-12-31 22:45:00+00:00,B19,5388.0,MAW,A01,A01,A08,,REE_AggGenOutput_202312312404.xml
2023-12-31 22:45:00+00:00,B20,0.0,MAW,A01,A01,A08,,REE_AggGenOutput_202312312404.xml
2023-12-31 23:45:00+00:00,B01,248.0,MAW,A01,A01,A08,,REE_AggGenOutput_202401010104.xml
2023-12-31 23:45:00+00:00,B02,0.0,MAW,A01,A01,A08,,REE_AggGenOutput_202401010104.xml
2023-12-31 23:45:00+00:00,B03,0.0,MAW,A01,A01,A08,,REE_AggGenOutput_202401010104.xml
2023-12-31 23:45:00+00:00,B04,4316.0,MAW,A01,A01,A08,,REE_AggGenOutput_202401010104.xml
2023-12-31 23:45:00+00:00,B05,280.0,MAW,A01,A01,A08,,REE_AggGenOutput_202401010104.xml
2023-12-31 23:45:00+00:00,B06,20.0,MAW,A01,A01,A08,,REE_AggGenOutput_202401010104.xml
2023-12-31 23:45:00+00:00,B07,0.0,MAW,A01,A01,A08,,REE_AggGenOutput_202401010104.xml
2023-12-31 23:45:00+00:00,B08,0.0,MAW,A01,A01,A08,,REE_AggGenOutput_202401010104.xml
2023-12-31 23:45:00+00:00,B09,0.0,MAW,A01,A01,A08,,REE_AggGenOutput_202401010104.xml
2023-12-31 23:45:00+00:00,B10,956.0,MAW,A01,A01,A08,,REE_AggGenOutput_202401010104.xml
2023-12-31 23:45:00+00:00,B10,468.0,MAW,A01,A01,A08,,REE_AggGenOutput_202401010104.xml
2023-12-31 23:45:00+00:00,B11,1008.0,MAW,A01,A01,A08,,REE_AggGenOutput_202401010104.xml
2023-12-31 23:45:00+00:00,B12,2104.0,MAW,A01,A01,A08,,REE_AggGenOutput_202401010104.xml
2023-12-31 23:45:00+00:00,B13,0.0,MAW,A01,A01,A08,,REE_AggGenOutput_202401010104.xml
2023-12-31 23:45:00+00:00,B14,7096.0,MAW,A01,A01,A08,,REE_AggGenOutput_202401010104.xml
2023-12-31 23:45:00+00:00,B15,76.0,MAW,A01,A01,A08,,REE_AggGenOutput_202401010104.xml
2023-12-31 23:45:00+00:00,B16,28.0,MAW,A01,A01,A08,,REE_AggGenOutput_202401010104.xml
2023-12-31 23:45:00+00:00,B17,248.0,MAW,A01,A01,A08,,REE_AggGenOutput_202401010104.xml
2023-12-31 23:45:00+00:00,B18,0.0,MAW,A01,A01,A08,,REE_AggGenOutput_202401010104.xml
2023-12-31 23:45:00+00:00,B19,5624.0,MAW,A01,A01,A08,,REE_AggGenOutput_202401010104.xml
2023-12-31 23:45:00+00:00,B20,0.0,MAW,A01,A01,A08,,REE_AggGenOutput_202401010104.xml
2024-01-01 00:45:00+00:00,B01,228.0,MAW,A01,A01,A08,,REE_AggGenOutput_202401010204.xml
2024-01-01 00:45:00+00:00,B02,0.0,MAW,A01,A01,A08,,REE_AggGenOutput_202401010204.xml
2024-01-01 00:45:00+00:00,B03,0.0,MAW,A01,A01,A08,,REE_AggGenOutput_202401010204.xml
2024-01-01 00:45:00+00:00,B04,4272.0,MAW,A01,A01,A08,,REE_AggGenOutput_202401010204.xml
2024-01-01 00:45:00+00:00,B05,272.0,MAW,A01,A01,A08,,REE_AggGenOutput_202401010204.xml
2024-01-01 00:45:00+00:00,B06,20.0,MAW,A01,A01,A08,,REE_AggGenOutput_202401010204.xml
2024-01-01 00:45:00+00:00,B07,0.0,MAW,A01,A01,A08,,REE_AggGenOutput_202401010204.xml
2024-01-01 00:45:00+00:00,B08,0.0,MAW,A01,A01,A08,,REE_AggGenOutput_202401010204.xml
2024-01-01 00:45:00+00:00,B09,0.0,MAW,A01,A01,A08,,REE_AggGenOutput_202401010204.xml
2024-01-01 00:45:00+00:00,B10,820.0,MAW,A01,A01,A08,,REE_AggGenOutput_202401010204.xml
2024-01-01 00:45:00+00:00,B10,468.0,MAW,A01,A01,A08,,REE_AggGenOutput_202401010204.xml
2024-01-01 00:45:00+00:00,B11,952.0,MAW,A01,A01,A08,,REE_AggGenOutput_202401010204.xml
2024-01-01 00:45:00+00:00,B12,1948.0,MAW,A01,A01,A08,,REE_AggGenOutput_202401010204.xml
2024-01-01 00:45:00+00:00,B13,0.0,MAW,A01,A01,A08,,REE_AggGenOutput_202401010204.xml
2024-01-01 00:45:00+00:00,B14,7096.0,MAW,A01,A01,A08,,REE_AggGenOutput_202401010204.xml
2024-01-01 00:45:00+00:00,B15,72.0,MAW,A01,A01,A08,,REE_AggGenOutput_202401010204.xml
2024-01-01 00:45:00+00:00,B16,28.0,MAW,A01,A01,A08,,REE_AggGenOutput_202401010204.xml
2024-01-01 00:45:00+00:00,B17,248.0,MAW,A01,A01,A08,,REE_AggGenOutput_202401010204.xml
2024-01-01 00:45:00+00:00,B18,0.0,MAW,A01,A01,A08,,REE_AggGenOutput_202401010204.xml
2024-01-01 00:45:00+00:00,B19,5656.0,MAW,A01,A01,A08,,REE_AggGenOutput_202401010204.xml
2024-01-01 00:45:00+00:00,B20,0.0,MAW,A01,A01,A08,,REE_AggGenOutput_202401010204.xml
2024-01-01 01:45:00+00:00,B01,216.0,MAW,A01,A01,A08,,REE_AggGenOutput_202401010304.xml
2024-01-01 01:45:00+00:00,B02,0.0,MAW,A01,A01,A08,,REE_AggGenOutput_202401010304.xml
2024-01-01 01:45:00+00:00,B03,0.0,MAW,A01,A01,A08,,REE_AggGenOutput_202401010304.xml
2024-01-01 01:45:00+00:00,B04,4432.0,MAW,A01,A01,A08,,REE_AggGenOutput_202401010304.xml
2024-01-01 01:45:00+00:00,B05,272.0,MAW,A01,A01,A08,,REE_AggGenOutput_202401010304.xml
2024-01-01 01:45:00+00:00,B06,20.0,MAW,A01,A01,A08,,REE_AggGenOutput_202401010304.xml
2024-01-01 01:45:00+00:00,B07,0.0,MAW,A01,A01,A08,,REE_AggGenOutput_202401010304.xml
2024-01-01 01:45:00+00:00,B08,0.0,MAW,A01,A01,A08,,REE_AggGenOutput_202401010304.xml
2024-01-01 01:45:00+00:00,B09,0.0,MAW,A01,A01,A08,,REE_AggGenOutput_202401010304.xml
2024-01-01 01:45:00+00:00,B10,1008.0,MAW,A01,A01,A08,,REE_AggGenOutput_202401010304.xml
2024-01-01 01:45:00+00:00,B10,1168.0,MAW,A01,A01,A08,,REE_AggGenOutput_202401010304.xml
2024-01-01 01:45:00+00:00,B11,928.0,MAW,A01,A01,A08,,REE_AggGenOutput_202401010304.xml
2024-01-01 01:45:00+00:00,B12,1924.0,MAW,A01,A01,A08,,REE_AggGenOutput_202401010304.xml
2024-01-01 01:45:00+00:00,B13,0.0,MAW,A01,A01,A08,,REE_AggGenOutput_202401010304.xml
2024-01-01 01:45:00+00:00,B14,7096.0,MAW,A01,A01,A08,,REE_AggGenOutput_202401010304.xml
2024-01-01 01:45:00+00:00,B15,72.0,MAW,A01,A01,A08,,REE_AggGenOutput_202401010304.xml
2024-01-01 01:45:00+00:00,B16,28.0,MAW,A01,A01,A08,,REE_AggGenOutput_202401010304.xml
2024-01-01 01:45:00+00:00,B17,248.0,MAW,A01,A01,A08,,REE_AggGenOutput_202401010304.xml
2024-01-01 01:45:00+00:00,B18,0.0,MAW,A01,A01,A08,,REE_AggGenOutput_202401010304.xml
2024-01-01 01:45:00+00:00,B19,5448.0,MAW,A01,A01,A08,,REE_AggGenOutput_202401010304.xml
2024-01-01 01:45:00+00:00,B20,0.0,MAW,A01,A01,A08,,REE_AggGenOutput_202401010304.xml
2024-01-01 02:45:00+00:00,B01,216.0,MAW,A01,A01,A08,,REE_AggGenOutput_202401010404.xml
2024-01-01 02:45:00+00:00,B02,0.0,MAW,A01,A01,A08,,REE_AggGenOutput_202401010404.xml
2024-01-01 02:45:00+00:00,B03,0.0,MAW,A01,A01,A08,,REE_AggGenOutput_202401010404.xml
2024-01-01 02:45:00+00:00,B04,4396.0,MAW,A01,A01,A08,,REE_AggGenOutput_202401010404.xml
2024-01-01 02:45:00+00:00,B05,272.0,MAW,A01,A01,A08,,REE_AggGenOutput_202401010404.xml
2024-01-01 02:45:00+00:00,B06,20.0,MAW,A01,A01,A08,,REE_AggGenOutput_202401010404.xml
2024-01-01 02:45:00+00:00,B07,0.0,MAW,A01,A01,A08,,REE_AggGenOutput_202401010404.xml
2024-01-01 02:45:00+00:00,B08,0.0,MAW,A01,A01,A08,,REE_AggGenOutput_202401010404.xml
2024-01-01 02:45:00+00:00,B09,0.0,MAW,A01,A01,A08,,REE_AggGenOutput_202401010404.xml
2024-01-01 02:45:00+00:00,B10,708.0,MAW,A01,A01,A08,,REE_AggGenOutput_202401010404.xml
2024-01-01 02:45:00+00:00,B10,1536.0,MAW,A01,A01,A08,,REE_AggGenOutput_202401010404.xml
2024-01-01 02:45:00+00:00,B11,904.0,MAW,A01,A01,A08,,REE_AggGenOutput_202401010404.xml
2024-01-01 02:45:00+00:00,B12,1552.0,MAW,A01,A01,A08,,REE_AggGenOutput_202401010404.xml
2024-01-01 02:45:00+00:00,B13,0.0,MAW,A01,A01,A08,,REE_AggGenOutput_202401010404.xml
2024-01-01 02:45:00+00:00,B14,7096.0,MAW,A01,A01,A08,,REE_AggGenOutput_202401010404.xml
2024-01-01 02:45:00+00:00,B15,72.0,MAW,A01,A01,A08,,REE_AggGenOutput_202401010404.xml
2024-01-01 02:45:00+00:00,B16,28.0,MAW,A01,A01,A08,,REE_AggGenOutput_202401010404.xml
2024-01-01 02:45:00+00:00,B17,244.0,MAW,A01,A01,A08,,REE_AggGenOutput_202401010404.xml
2024-01-01 02:45:00+00:00,B18,0.0,MAW,A01,A01,A08,,REE_AggGenOutput_202401010404.xml
2024-01-01 02:45:00+00:00,B19,5240.0,MAW,A01,A01,A08,,REE_AggGenOutput_202401010404.xml
2024-01-01 02:45:00+00:00,B20,0.0,MAW,A01,A01,A08,,REE_AggGenOutput_202401010404.xml
2024-01-01 03:45:00+00:00,B01,216.0,MAW,A01,A01,A08,,REE_AggGenOutput_202401010504.xml
2024-01-01 03:45:00+00:00,B02,0.0,MAW,A01,A01,A08,,REE_AggGenOutput_202401010504.xml
2024-01-01 03:45:00+00:00,B03,0.0,MAW,A01,A01,A08,,REE_AggGenOutput_202401010504.xml
2024-01-01 03:45:00+00:00,B04,4544.0,MAW,A01,A01,A08,,REE_AggGenOutput_202401010504.xml
2024-01-01 03:45:00+00:00,B05,272.0,MAW,A01,A01,A08,,REE_AggGenOutput_202401010504.xml
2024-01-01 03:45:00+00:00,B06,20.0,MAW,A01,A01,A08,,REE_AggGenOutput_202401010504.xml
2024-01-01 03:45:00+00:00,B07,0.0,MAW,A01,A01,A08,,REE_AggGenOutput_202401010504.xml
2024-01-01 03:45:00+00:00,B08,0.0,MAW,A01,A01,A08,,REE_AggGenOutput_202401010504.xml
2024-01-01 03:45:00+00:00,B09,0.0,MAW,A01,A01,A08,,REE_AggGenOutput_202401010504.xml
2024-01-01 03:45:00+00:00,B10,352.0,MAW,A01,A01,A08,,REE_AggGenOutput_202401010504.xml
2024-01-01 03:45:00+00:00,B10,2032.0,MAW,A01,A01,A08,,REE_AggGenOutput_202401010504.xml
2024-01-01 03:45:00+00:00,B11,912.0,MAW,A01,A01,A08,,REE_AggGenOutput_202401010504.xml
2024-01-01 03:45:00+00:00,B12,1592.0,MAW,A01,A01,A08,,REE_AggGenOutput_202401010504.xml
2024-01-01 03:45:00+00:00,B13,0.0,MAW,A01,A01,A08,,REE_AggGenOutput_202401010504.xml
2024-01-01 03:45:00+00:00,B14,7096.0,MAW,A01,A01,A08,,REE_AggGenOutput_202401010504.xml
2024-01-01 03:45:00+00:00,B15,72.0,MAW,A01,A01,A08,,REE_AggGenOutput_202401010504.xml
2024-01-01 03:45:00+00:00,B16,28.0,MAW,A01,A01,A08,,REE_AggGenOutput_202401010504.xml
2024-01-01 03:45:00+00:00,B17,248.0,MAW,A01,A01,A08,,REE_AggGenOutput_202401010504.xml
2024-01-01 03:45:00+00:00,B18,0.0,MAW,A01,A01,A08,,REE_AggGenOutput_202401010504.xml
2024-01-01 03:45:00+00:00,B19,5204.0,MAW,A01,A01,A08,,REE_AggGenOutput_202401010504.xml
2024-01-01 03:45:00+00:00,B20,0.0,MAW,A01,A01,A08,,REE_AggGenOutput_202401010504.xml
2024-01-01 04:45:00+00:00,B01,212.0,MAW,A01,A01,A08,,REE_AggGenOutput_202401010604.xml
2024-01-01 04:45:00+00:00,B02,0.0,MAW,A01,A01,A08,,REE_AggGenOutput_202401010604.xml
2024-01-01 04:45:00+00:00,B03,0.0,MAW,A01,A01,A08,,REE_AggGenOutput_202401010604.xml
2024-01-01 04:45:00+00:00,B04,4704.0,MAW,A01,A01,A08,,REE_AggGenOutput_202401010604.xml
2024-01-01 04:45:00+00:00,B05,272.0,MAW,A01,A01,A08,,REE_AggGenOutput_202401010604.xml
2024-01-01 04:45:00+00:00,B06,20.0,MAW,A01,A01,A08,,REE_AggGenOutput_202401010604.xml
2024-01-01 04:45:00+00:00,B07,0.0,MAW,A01,A01,A08,,REE_AggGenOutput_202401010604.xml
2024-01-01 04:45:00+00:00,B08,0.0,MAW,A01,A01,A08,,REE_AggGenOutput_202401010604.xml
2024-01-01 04:45:00+00:00,B09,0.0,MAW,A01,A01,A08,,REE_AggGenOutput_202401010604.xml
2024-01-01 04:45:00+00:00,B10,460.0,MAW,A01,A01,A08,,REE_AggGenOutput_202401010604.xml
2024-01-01 04:45:00+00:00,B10,2028.0,MAW,A01,A01,A08,,REE_AggGenOutput_202401010604.xml
2024-01-01 04:45:00+00:00,B11,872.0,MAW,A01,A01,A08,,REE_AggGenOutput_202401010604.xml
2024-01-01 04:45:00+00:00,B12,1288.0,MAW,A01,A01,A08,,REE_AggGenOutput_202401010604.xml
2024-01-01 04:45:00+00:00,B13,0.0,MAW,A01,A01,A08,,REE_AggGenOutput_202401010604.xml
2024-01-01 04:45:00+00:00,B14,7092.0,MAW,A01,A01,A08,,REE_AggGenOutput_202401010604.xml
2024-01-01 04:45:00+00:00,B15,72.0,MAW,A01,A01,A08,,REE_AggGenOutput_202401010604.xml
2024-01-01 04:45:00+00:00,B16,28.0,MAW,A01,A01,A08,,REE_AggGenOutput_202401010604.xml
2024-01-01 04:45:00+00:00,B17,248.0,MAW,A01,A01,A08,,REE_AggGenOutput_202401010604.xml
2024-01-01 04:45:00+00:00,B18,0.0,MAW,A01,A01,A08,,REE_AggGenOutput_202401010604.xml
2024-01-01 04:45:00+00:00,B19,5196.0,MAW,A01,A01,A08,,REE_AggGenOutput_202401010604.xml
2024-01-01 04:45:00+00:00,B20,0.0,MAW,A01,A01,A08,,REE_AggGenOutput_202401010604.xml
2024-01-01 05:45:00+00:00,B01,220.0,MAW,A01,A01,A08,,REE_AggGenOutput_202401010704.xml
2024-01-01 05:45:00+00:00,B02,0.0,MAW,A01,A01,A08,,REE_AggGenOutput_202401010704.xml
2024-01-01 05:45:00+00:00,B03,0.0,MAW,A01,A01,A08,,REE_AggGenOutput_202401010704.xml
2024-01-01 05:45:00+00:00,B04,4580.0,MAW,A01,A01,A08,,REE_AggGenOutput_202401010704.xml
2024-01-01 05:45:00+00:00,B05,272.0,MAW,A01,A01,A08,,REE_AggGenOutput_202401010704.xml
2024-01-01 05:45:00+00:00,B06,20.0,MAW,A01,A01,A08,,REE_AggGenOutput_202401010704.xml
2024-01-01 05:45:00+00:00,B07,0.0,MAW,A01,A01,A08,,REE_AggGenOutput_202401010704.xml
2024-01-01 05:45:00+00:00,B08,0.0,MAW,A01,A01,A08,,REE_AggGenOutput_202401010704.xml
2024-01-01 05:45:00+00:00,B09,0.0,MAW,A01,A01,A08,,REE_AggGenOutput_202401010704.xml
2024-01-01 05:45:00+00:00,B10,548.0,MAW,A01,A01,A08,,REE_AggGenOutput_202401010704.xml
2024-01-01 05:45:00+00:00,B10,1996.0,MAW,A01,A01,A08,,REE_AggGenOutput_202401010704.xml
2024-01-01 05:45:00+00:00,B11,844.0,MAW,A01,A01,A08,,REE_AggGenOutput_202401010704.xml
2024-01-01 05:45:00+00:00,B12,1376.0,MAW,A01,A01,A08,,REE_AggGenOutput_202401010704.xml
2024-01-01 05:45:00+00:00,B13,0.0,MAW,A01,A01,A08,,REE_AggGenOutput_202401010704.xml
2024-01-01 05:45:00+00:00,B14,7092.0,MAW,A01,A01,A08,,REE_AggGenOutput_202401010704.xml
2024-01-01 05:45:00+00:00,B15,72.0,MAW,A01,A01,A08,,REE_AggGenOutput_202401010704.xml
2024-01-01 05:45:00+00:00,B16,28.0,MAW,A01,A01,A08,,REE_AggGenOutput_202401010704.xml
2024-01-01 05:45:00+00:00,B17,244.0,MAW,A01,A01,A08,,REE_AggGenOutput_202401010704.xml
2024-01-01 05:45:00+00:00,B18,0.0,MAW,A01,A01,A08,,REE_AggGenOutput_202401010704.xml
2024-01-01 05:45:00+00:00,B19,5244.0,MAW,A01,A01,A08,,REE_AggGenOutput_202401010704.xml
2024-01-01 05:45:00+00:00,B20,0.0,MAW,A01,A01,A08,,REE_AggGenOutput_202401010704.xml
2024-01-01 06:45:00+00:00,B01,216.0,MAW,A01,A01,A08,,REE_AggGenOutput_202401010804.xml
2024-01-01 06:45:00+00:00,B02,0.0,MAW,A01,A01,A08,,REE_AggGenOutput_202401010804.xml
2024-01-01 06:45:00+00:00,B03,0.0,MAW,A01,A01,A08,,REE_AggGenOutput_202401010804.xml
2024-01-01 06:45:00+00:00,B04,4496.0,MAW,A01,A01,A08,,REE_AggGenOutput_202401010804.xml
2024-01-01 06:45:00+00:00,B05,272.0,MAW,A01,A01,A08,,REE_AggGenOutput_202401010804.xml
2024-01-01 06:45:00+00:00,B06,20.0,MAW,A01,A01,A08,,REE_AggGenOutput_202401010804.xml
2024-01-01 06:45:00+00:00,B07,0.0,MAW,A01,A01,A08,,REE_AggGenOutput_202401010804.xml
2024-01-01 06:45:00+00:00,B08,0.0,MAW,A01,A01,A08,,REE_AggGenOutput_202401010804.xml
2024-01-01 06:45:00+00:00,B09,0.0,MAW,A01,A01,A08,,REE_AggGenOutput_202401010804.xml
2024-01-01 06:45:00+00:00,B10,428.0,MAW,A01,A01,A08,,REE_AggGenOutput_202401010804.xml
2024-01-01 06:45:00+00:00,B10,1940.0,MAW,A01,A01,A08,,REE_AggGenOutput_202401010804.xml
2024-01-01 06:45:00+00:00,B11,840.0,MAW,A01,A01,A08,,REE_AggGenOutput_202401010804.xml
2024-01-01 06:45:00+00:00,B12,1704.0,MAW,A01,A01,A08,,REE_AggGenOutput_202401010804.xml
2024-01-01 06:45:00+00:00,B13,0.0,MAW,A01,A01,A08,,REE_AggGenOutput_202401010804.xml
2024-01-01 06:45:00+00:00,B14,7092.0,MAW,A01,A01,A08,,REE_AggGenOutput_202401010804.xml
2024-01-01 06:45:00+00:00,B15,72.0,MAW,A01,A01,A08,,REE_AggGenOutput_202401010804.xml
2024-01-01 06:45:00+00:00,B16,28.0,MAW,A01,A01,A08,,REE_AggGenOutput_202401010804.xml
2024-01-01 06:45:00+00:00,B17,244.0,MAW,A01,A01,A08,,REE_AggGenOutput_202401010804.xml
2024-01-01 06:45:00+00:00,B18,0.0,MAW,A01,A01,A08,,REE_AggGenOutput_202401010804.xml
2024-01-01 06:45:00+00:00,B19,5520.0,MAW,A01,A01,A08,,REE_AggGenOutput_202401010804.xml
2024-01-01 06:45:00+00:00,B20,0.0,MAW,A01,A01,A08,,REE_AggGenOutput_202401010804.xml
2024-01-01 07:45:00+00:00,B01,212.0,MAW,A01,A01,A08,,REE_AggGenOutput_202401010904.xml
2024-01-01 07:45:00+00:00,B02,0.0,MAW,A01,A01,A08,,REE_AggGenOutput_202401010904.xml
2024-01-01 07:45:00+00:00,B03,0.0,MAW,A01,A01,A08,,REE_AggGenOutput_202401010904.xml
2024-01-01 07:45:00+00:00,B04,4420.0,MAW,A01,A01,A08,,REE_AggGenOutput_202401010904.xml
2024-01-01 07:45:00+00:00,B05,272.0,MAW,A01,A01,A08,,REE_AggGenOutput_202401010904.xml
2024-01-01 07:45:00+00:00,B06,20.0,MAW,A01,A01,A08,,REE_AggGenOutput_202401010904.xml
2024-01-01 07:45:00+00:00,B07,0.0,MAW,A01,A01,A08,,REE_AggGenOutput_202401010904.xml
2024-01-01 07:45:00+00:00,B08,0.0,MAW,A01,A01,A08,,REE_AggGenOutput_202401010904.xml
2024-01-01 07:45:00+00:00,B09,0.0,MAW,A01,A01,A08,,REE_AggGenOutput_202401010904.xml
2024-01-01 07:45:00+00:00,B10,168.0,MAW,A01,A01,A08,,REE_AggGenOutput_202401010904.xml
2024-01-01 07:45:00+00:00,B10,2076.0,MAW,A01,A01,A08,,REE_AggGenOutput_202401010904.xml
2024-01-01 07:45:00+00:00,B11,844.0,MAW,A01,A01,A08,,REE_AggGenOutput_202401010904.xml
2024-01-01 07:45:00+00:00,B12,1648.0,MAW,A01,A01,A08,,REE_AggGenOutput_202401010904.xml
2024-01-01 07:45:00+00:00,B13,0.0,MAW,A01,A01,A08,,REE_AggGenOutput_202401010904.xml
2024-01-01 07:45:00+00:00,B14,7092.0,MAW,A01,A01,A08,,REE_AggGenOutput_202401010904.xml
2024-01-01 07:45:00+00:00,B15,72.0,MAW,A01,A01,A08,,REE_AggGenOutput_202401010904.xml
2024-01-01 07:45:00+00:00,B16,44.0,MAW,A01,A01,A08,,REE_AggGenOutput_202401010904.xml
2024-01-01 07:45:00+00:00,B17,244.0,MAW,A01,A01,A08,,REE_AggGenOutput_202401010904.xml
2024-01-01 07:45:00+00:00,B18,0.0,MAW,A01,A01,A08,,REE_AggGenOutput_202401010904.xml
2024-01-01 07:45:00+00:00,B19,5680.0,MAW,A01,A01,A08,,REE_AggGenOutput_202401010904.xml
2024-01-01 07:45:00+00:00,B20,0.0,MAW,A01,A01,A08,,REE_AggGenOutput_202401010904.xml
2024-01-01 08:45:00+00:00,B01,216.0,MAW,A01,A01,A08,,REE_AggGenOutput_202401011004.xml
2024-01-01 08:45:00+00:00,B02,0.0,MAW,A01,A01,A08,,REE_AggGenOutput_202401011004.xml
2024-01-01 08:45:00+00:00,B03,0.0,MAW,A01,A01,A08,,REE_AggGenOutput_202401011004.xml
2024-01-01 08:45:00+00:00,B04,4940.0,MAW,A01,A01,A08,,REE_AggGenOutput_202401011004.xml
2024-01-01 08:45:00+00:00,B05,272.0,MAW,A01,A01,A08,,REE_AggGenOutput_202401011004.xml
2024-01-01 08:45:00+00:00,B06,20.0,MAW,A01,A01,A08,,REE_AggGenOutput_202401011004.xml
2024-01-01 08:45:00+00:00,B07,0.0,MAW,A01,A01,A08,,REE_AggGenOutput_202401011004.xml
2024-01-01 08:45:00+00:00,B08,0.0,MAW,A01,A01,A08,,REE_AggGenOutput_202401011004.xml
2024-01-01 08:45:00+00:00,B09,0.0,MAW,A01,A01,A08,,REE_AggGenOutput_202401011004.xml
2024-01-01 08:45:00+00:00,B10,124.0,MAW,A01,A01,A08,,REE_AggGenOutput_202401011004.xml
2024-01-01 08:45:00+00:00,B10,3084.0,MAW,A01,A01,A08,,REE_AggGenOutput_202401011004.xml
2024-01-01 08:45:00+00:00,B11,856.0,MAW,A01,A01,A08,,REE_AggGenOutput_202401011004.xml
2024-01-01 08:45:00+00:00,B12,1560.0,MAW,A01,A01,A08,,REE_AggGenOutput_202401011004.xml
2024-01-01 08:45:00+00:00,B13,0.0,MAW,A01,A01,A08,,REE_AggGenOutput_202401011004.xml
2024-01-01 08:45:00+00:00,B14,7092.0,MAW,A01,A01,A08,,REE_AggGenOutput_202401011004.xml
2024-01-01 08:45:00+00:00,B15,72.0,MAW,A01,A01,A08,,REE_AggGenOutput_202401011004.xml
2024-01-01 08:45:00+00:00,B16,1444.0,MAW,A01,A01,A08,,REE_AggGenOutput_202401011004.xml
2024-01-01 08:45:00+00:00,B17,244.0,MAW,A01,A01,A08,,REE_AggGenOutput_202401011004.xml
2024-01-01 08:45:00+00:00,B18,0.0,MAW,A01,A01,A08,,REE_AggGenOutput_202401011004.xml
2024-01-01 08:45:00+00:00,B19,5820.0,MAW,A01,A01,A08,,REE_AggGenOutput_202401011004.xml
2024-01-01 08:45:00+00:00,B20,0.0,MAW,A01,A01,A08,,REE_AggGenOutput_202401011004.xml
2024-01-01 09:45:00+00:00,B01,212.0,MAW,A01,A01,A08,,REE_AggGenOutput_202401011104.xml
2024-01-01 09:45:00+00:00,B02,0.0,MAW,A01,A01,A08,,REE_AggGenOutput_202401011104.xml
2024-01-01 09:45:00+00:00,B03,0.0,MAW,A01,A01,A08,,REE_AggGenOutput_202401011104.xml
2024-01-01 09:45:00+00:00,B04,3644.0,MAW,A01,A01,A08,,REE_AggGenOutput_202401011104.xml
2024-01-01 09:45:00+00:00,B05,272.0,MAW,A01,A01,A08,,REE_AggGenOutput_202401011104.xml
2024-01-01 09:45:00+00:00,B06,20.0,MAW,A01,A01,A08,,REE_AggGenOutput_202401011104.xml
2024-01-01 09:45:00+00:00,B07,0.0,MAW,A01,A01,A08,,REE_AggGenOutput_202401011104.xml
2024-01-01 09:45:00+00:00,B08,0.0,MAW,A01,A01,A08,,REE_AggGenOutput_202401011104.xml
2024-01-01 09:45:00+00:00,B09,0.0,MAW,A01,A01,A08,,REE_AggGenOutput_202401011104.xml
2024-01-01 09:45:00+00:00,B10,20.0,MAW,A01,A01,A08,,REE_AggGenOutput_202401011104.xml
2024-01-01 09:45:00+00:00,B10,3884.0,MAW,A01,A01,A08,,REE_AggGenOutput_202401011104.xml
2024-01-01 09:45:00+00:00,B11,824.0,MAW,A01,A01,A08,,REE_AggGenOutput_202401011104.xml
2024-01-01 09:45:00+00:00,B12,1388.0,MAW,A01,A01,A08,,REE_AggGenOutput_202401011104.xml
2024-01-01 09:45:00+00:00,B13,0.0,MAW,A01,A01,A08,,REE_AggGenOutput_202401011104.xml
2024-01-01 09:45:00+00:00,B14,7092.0,MAW,A01,A01,A08,,REE_AggGenOutput_202401011104.xml
2024-01-01 09:45:00+00:00,B15,68.0,MAW,A01,A01,A08,,REE_AggGenOutput_202401011104.xml
2024-01-01 09:45:00+00:00,B16,4968.0,MAW,A01,A01,A08,,REE_AggGenOutput_202401011104.xml
2024-01-01 09:45:00+00:00,B17,240.0,MAW,A01,A01,A08,,REE_AggGenOutput_202401011104.xml
2024-01-01 09:45:00+00:00,B18,0.0,MAW,A01,A01,A08,,REE_AggGenOutput_202401011104.xml
2024-01-01 09:45:00+00:00,B19,5780.0,MAW,A01,A01,A08,,REE_AggGenOutput_202401011104.xml
2024-01-01 09:45:00+00:00,B20,0.0,MAW,A01,A01,A08,,REE_AggGenOutput_202401011104.xml
2024-01-01 10:45:00+00:00,B01,208.0,MAW,A01,A01,A08,,REE_AggGenOutput_202401011204.xml
2024-01-01 10:45:00+00:00,B02,0.0,MAW,A01,A01,A08,,REE_AggGenOutput_202401011204.xml
2024-01-01 10:45:00+00:00,B03,0.0,MAW,A01,A01,A08,,REE_AggGenOutput_202401011204.xml
2024-01-01 10:45:00+00:00,B04,3136.0,MAW,A01,A01,A08,,REE_AggGenOutput_202401011204.xml
2024-01-01 10:45:00+00:00,B05,272.0,MAW,A01,A01,A08,,REE_AggGenOutput_202401011204.xml
2024-01-01 10:45:00+00:00,B06,20.0,MAW,A01,A01,A08,,REE_AggGenOutput_202401011204.xml
2024-01-01 10:45:00+00:00,B07,0.0,MAW,A01,A01,A08,,REE_AggGenOutput_202401011204.xml
2024-01-01 10:45:00+00:00,B08,0.0,MAW,A01,A01,A08,,REE_AggGenOutput_202401011204.xml
2024-01-01 10:45:00+00:00,B09,0.0,MAW,A01,A01,A08,,REE_AggGenOutput_202401011204.xml
2024-01-01 10:45:00+00:00,B10,0.0,MAW,A01,A01,A08,,REE_AggGenOutput_202401011204.xml
2024-01-01 10:45:00+00:00,B10,4340.0,MAW,A01,A01,A08,,REE_AggGenOutput_202401011204.xml
2024-01-01 10:45:00+00:00,B11,804.0,MAW,A01,A01,A08,,REE_AggGenOutput_202401011204.xml
2024-01-01 10:45:00+00:00,B12,1284.0,MAW,A01,A01,A08,,REE_AggGenOutput_202401011204.xml
2024-01-01 10:45:00+00:00,B13,0.0,MAW,A01,A01,A08,,REE_AggGenOutput_202401011204.xml
2024-01-01 10:45:00+00:00,B14,7092.0,MAW,A01,A01,A08,,REE_AggGenOutput_202401011204.xml
2024-01-01 10:45:00+00:00,B15,68.0,MAW,A01,A01,A08,,REE_AggGenOutput_202401011204.xml
2024-01-01 10:45:00+00:00,B16,7948.0,MAW,A01,A01,A08,,REE_AggGenOutput_202401011204.xml
2024-01-01 10:45:00+00:00,B17,244.0,MAW,A01,A01,A08,,REE_AggGenOutput_202401011204.xml
2024-01-01 10:45:00+00:00,B18,0.0,MAW,A01,A01,A08,,REE_AggGenOutput_202401011204.xml
2024-01-01 10:45:00+00:00,B19,5768.0,MAW,A01,A01,A08,,REE_AggGenOutput_202401011204.xml
2024-01-01 10:45:00+00:00,B20,0.0,MAW,A01,A01,A08,,REE_AggGenOutput_202401011204.xml
2024-01-01 11:45:00+00:00,B01,208.0,MAW,A01,A01,A08,,REE_AggGenOutput_202401011304.xml
2024-01-01 11:45:00+00:00,B02,0.0,MAW,A01,A01,A08,,REE_AggGenOutput_202401011304.xml
2024-01-01 11:45:00+00:00,B03,0.0,MAW,A01,A01,A08,,REE_AggGenOutput_202401011304.xml
2024-01-01 11:45:00+00:00,B04,2776.0,MAW,A01,A01,A08,,REE_AggGenOutput_202401011304.xml
2024-01-01 11:45:00+00:00,B05,268.0,MAW,A01,A01,A08,,REE_AggGenOutput_202401011304.xml
2024-01-01 11:45:00+00:00,B06,20.0,MAW,A01,A01,A08,,REE_AggGenOutput_202401011304.xml
2024-01-01 11:45:00+00:00,B07,0.0,MAW,A01,A01,A08,,REE_AggGenOutput_202401011304.xml
2024-01-01 11:45:00+00:00,B08,0.0,MAW,A01,A01,A08,,REE_AggGenOutput_202401011304.xml
2024-01-01 11:45:00+00:00,B09,0.0,MAW,A01,A01,A08,,REE_AggGenOutput_202401011304.xml
2024-01-01 11:45:00+00:00,B10,0.0,MAW,A01,A01,A08,,REE_AggGenOutput_202401011304.xml
2024-01-01 11:45:00+00:00,B10,4320.0,MAW,A01,A01,A08,,REE_AggGenOutput_202401011304.xml
2024-01-01 11:45:00+00:00,B11,740.0,MAW,A01,A01,A08,,REE_AggGenOutput_202401011304.xml
2024-01-01 11:45:00+00:00,B12,1056.0,MAW,A01,A01,A08,,REE_AggGenOutput_202401011304.xml
2024-01-01 11:45:00+00:00,B13,0.0,MAW,A01,A01,A08,,REE_AggGenOutput_202401011304.xml
2024-01-01 11:45:00+00:00,B14,7092.0,MAW,A01,A01,A08,,REE_AggGenOutput_202401011304.xml
2024-01-01 11:45:00+00:00,B15,68.0,MAW,A01,A01,A08,,REE_AggGenOutput_202401011304.xml
2024-01-01 11:45:00+00:00,B16,9556.0,MAW,A01,A01,A08,,REE_AggGenOutput_202401011304.xml
2024-01-01 11:45:00+00:00,B17,244.0,MAW,A01,A01,A08,,REE_AggGenOutput_202401011304.xml
2024-01-01 11:45:00+00:00,B18,0.0,MAW,A01,A01,A08,,REE_AggGenOutput_202401011304.xml
2024-01-01 11:45:00+00:00,B19,6628.0,MAW,A01,A01,A08,,REE_AggGenOutput_202401011304.xml
2024-01-01 11:45:00+00:00,B20,0.0,MAW,A01,A01,A08,,REE_AggGenOutput_202401011304.xml
2024-01-01 12:45:00+00:00,B01,216.0,MAW,A01,A01,A08,,REE_AggGenOutput_202401011404.xml
2024-01-01 12:45:00+00:00,B02,0.0,MAW,A01,A01,A08,,REE_AggGenOutput_202401011404.xml
2024-01-01 12:45:00+00:00,B03,0.0,MAW,A01,A01,A08,,REE_AggGenOutput_202401011404.xml
2024-01-01 12:45:00+00:00,B04,3048.0,MAW,A01,A01,A08,,REE_AggGenOutput_202401011404.xml
2024-01-01 12:45:00+00:00,B05,260.0,MAW,A01,A01,A08,,REE_AggGenOutput_202401011404.xml
2024-01-01 12:45:00+00:00,B06,20.0,MAW,A01,A01,A08,,REE_AggGenOutput_202401011404.xml
2024-01-01 12:45:00+00:00,B07,0.0,MAW,A01,A01,A08,,REE_AggGenOutput_202401011404.xml
2024-01-01 12:45:00+00:00,B08,0.0,MAW,A01,A01,A08,,REE_AggGenOutput_202401011404.xml
2024-01-01 12:45:00+00:00,B09,0.0,MAW,A01,A01,A08,,REE_AggGenOutput_202401011404.xml
2024-01-01 12:45:00+00:00,B10,0.0,MAW,A01,A01,A08,,REE_AggGenOutput_202401011404.xml
2024-01-01 12:45:00+00:00,B10,4568.0,MAW,A01,A01,A08,,REE_AggGenOutput_202401011404.xml
2024-01-01 12:45:00+00:00,B11,780.0,MAW,A01,A01,A08,,REE_AggGenOutput_202401011404.xml
2024-01-01 12:45:00+00:00,B12,1296.0,MAW,A01,A01,A08,,REE_AggGenOutput_202401011404.xml
2024-01-01 12:45:00+00:00,B13,0.0,MAW,A01,A01,A08,,REE_AggGenOutput_202401011404.xml
2024-01-01 12:45:00+00:00,B14,7092.0,MAW,A01,A01,A08,,REE_AggGenOutput_202401011404.xml
2024-01-01 12:45:00+00:00,B15,68.0,MAW,A01,A01,A08,,REE_AggGenOutput_202401011404.xml
2024-01-01 12:45:00+00:00,B16,9980.0,MAW,A01,A01,A08,,REE_AggGenOutput_202401011404.xml
2024-01-01 12:45:00+00:00,B17,240.0,MAW,A01,A01,A08,,REE_AggGenOutput_202401011404.xml
2024-01-01 12:45:00+00:00,B18,0.0,MAW,A01,A01,A08,,REE_AggGenOutput_202401011404.xml
2024-01-01 12:45:00+00:00,B19,6144.0,MAW,A01,A01,A08,,REE_AggGenOutput_202401011404.xml
2024-01-01 12:45:00+00:00,B20,0.0,MAW,A01,A01,A08,,REE_AggGenOutput_202401011404.xml
2024-01-01 13:45:00+00:00,B01,208.0,MAW,A01,A01,A08,,REE_AggGenOutput_202401011504.xml
2024-01-01 13:45:00+00:00,B02,0.0,MAW,A01,A01,A08,,REE_AggGenOutput_202401011504.xml
2024-01-01 13:45:00+00:00,B03,0.0,MAW,A01,A01,A08,,REE_AggGenOutput_202401011504.xml
2024-01-01 13:45:00+00:00,B04,3068.0,MAW,A01,A01,A08,,REE_AggGenOutput_202401011504.xml
2024-01-01 13:45:00+00:00,B05,260.0,MAW,A01,A01,A08,,REE_AggGenOutput_202401011504.xml
2024-01-01 13:45:00+00:00,B06,20.0,MAW,A01,A01,A08,,REE_AggGenOutput_202401011504.xml
2024-01-01 13:45:00+00:00,B07,0.0,MAW,A01,A01,A08,,REE_AggGenOutput_202401011504.xml
2024-01-01 13:45:00+00:00,B08,0.0,MAW,A01,A01,A08,,REE_AggGenOutput_202401011504.xml
2024-01-01 13:45:00+00:00,B09,0.0,MAW,A01,A01,A08,,REE_AggGenOutput_202401011504.xml
2024-01-01 13:45:00+00:00,B10,0.0,MAW,A01,A01,A08,,REE_AggGenOutput_202401011504.xml
2024-01-01 13:45:00+00:00,B10,4560.0,MAW,A01,A01,A08,,REE_AggGenOutput_202401011504.xml
2024-01-01 13:45:00+00:00,B11,784.0,MAW,A01,A01,A08,,REE_AggGenOutput_202401011504.xml
2024-01-01 13:45:00+00:00,B12,1476.0,MAW,A01,A01,A08,,REE_AggGenOutput_202401011504.xml
2024-01-01 13:45:00+00:00,B13,0.0,MAW,A01,A01,A08,,REE_AggGenOutput_202401011504.xml
2024-01-01 13:45:00+00:00,B14,7092.0,MAW,A01,A01,A08,,REE_AggGenOutput_202401011504.xml
2024-01-01 13:45:00+00:00,B15,68.0,MAW,A01,A01,A08,,REE_AggGenOutput_202401011504.xml
2024-01-01 13:45:00+00:00,B16,10484.0,MAW,A01,A01,A08,,REE_AggGenOutput_202401011504.xml
2024-01-01 13:45:00+00:00,B17,244.0,MAW,A01,A01,A08,,REE_AggGenOutput_202401011504.xml
2024-01-01 13:45:00+00:00,B18,0.0,MAW,A01,A01,A08,,REE_AggGenOutput_202401011504.xml
2024-01-01 13:45:00+00:00,B19,6940.0,MAW,A01,A01,A08,,REE_AggGenOutput_202401011504.xml
2024-01-01 13:45:00+00:00,B20,0.0,MAW,A01,A01,A08,,REE_AggGenOutput_202401011504.xml
2024-01-01 14:45:00+00:00,B01,212.0,MAW,A01,A01,A08,,REE_AggGenOutput_202401011604.xml
2024-01-01 14:45:00+00:00,B02,0.0,MAW,A01,A01,A08,,REE_AggGenOutput_202401011604.xml
2024-01-01 14:45:00+00:00,B03,0.0,MAW,A01,A01,A08,,REE_AggGenOutput_202401011604.xml
2024-01-01 14:45:00+00:00,B04,3172.0,MAW,A01,A01,A08,,REE_AggGenOutput_202401011604.xml
2024-01-01 14:45:00+00:00,B05,252.0,MAW,A01,A01,A08,,REE_AggGenOutput_202401011604.xml
2024-01-01 14:45:00+00:00,B06,20.0,MAW,A01,A01,A08,,REE_AggGenOutput_202401011604.xml
2024-01-01 14:45:00+00:00,B07,0.0,MAW,A01,A01,A08,,REE_AggGenOutput_202401011604.xml
2024-01-01 14:45:00+00:00,B08,0.0,MAW,A01,A01,A08,,REE_AggGenOutput_202401011604.xml
2024-01-01 14:45:00+00:00,B09,0.0,MAW,A01,A01,A08,,REE_AggGenOutput_202401011604.xml
2024-01-01 14:45:00+00:00,B10,0.0,MAW,A01,A01,A08,,REE_AggGenOutput_202401011604.xml
2024-01-01 14:45:00+00:00,B10,4436.0,MAW,A01,A01,A08,,REE_AggGenOutput_202401011604.xml
2024-01-01 14:45:00+00:00,B11,800.0,MAW,A01,A01,A08,,REE_AggGenOutput_202401011604.xml
2024-01-01 14:45:00+00:00,B12,1272.0,MAW,A01,A01,A08,,REE_AggGenOutput_202401011604.xml
2024-01-01 14:45:00+00:00,B13,0.0,MAW,A01,A01,A08,,REE_AggGenOutput_202401011604.xml
2024-01-01 14:45:00+00:00,B14,7092.0,MAW,A01,A01,A08,,REE_AggGenOutput_202401011604.xml
2024-01-01 14:45:00+00:00,B15,72.0,MAW,A01,A01,A08,,REE_AggGenOutput_202401011604.xml
2024-01-01 14:45:00+00:00,B16,10780.0,MAW,A01,A01,A08,,REE_AggGenOutput_202401011604.xml
2024-01-01 14:45:00+00:00,B17,244.0,MAW,A01,A01,A08,,REE_AggGenOutput_202401011604.xml
2024-01-01 14:45:00+00:00,B18,0.0,MAW,A01,A01,A08,,REE_AggGenOutput_202401011604.xml
2024-01-01 14:45:00+00:00,B19,7344.0,MAW,A01,A01,A08,,REE_AggGenOutput_202401011604.xml
2024-01-01 14:45:00+00:00,B20,0.0,MAW,A01,A01,A08,,REE_AggGenOutput_202401011604.xml
2024-01-01 15:45:00+00:00,B01,212.0,MAW,A01,A01,A08,,REE_AggGenOutput_202401011704.xml
2024-01-01 15:45:00+00:00,B02,0.0,MAW,A01,A01,A08,,REE_AggGenOutput_202401011704.xml
2024-01-01 15:45:00+00:00,B03,0.0,MAW,A01,A01,A08,,REE_AggGenOutput_202401011704.xml
2024-01-01 15:45:00+00:00,B04,3256.0,MAW,A01,A01,A08,,REE_AggGenOutput_202401011704.xml
2024-01-01 15:45:00+00:00,B05,252.0,MAW,A01,A01,A08,,REE_AggGenOutput_202401011704.xml
2024-01-01 15:45:00+00:00,B06,20.0,MAW,A01,A01,A08,,REE_AggGenOutput_202401011704.xml
2024-01-01 15:45:00+00:00,B07,0.0,MAW,A01,A01,A08,,REE_AggGenOutput_202401011704.xml
2024-01-01 15:45:00+00:00,B08,0.0,MAW,A01,A01,A08,,REE_AggGenOutput_202401011704.xml
2024-01-01 15:45:00+00:00,B09,0.0,MAW,A01,A01,A08,,REE_AggGenOutput_202401011704.xml
2024-01-01 15:45:00+00:00,B10,0.0,MAW,A01,A01,A08,,REE_AggGenOutput_202401011704.xml
2024-01-01 15:45:00+00:00,B10,4272.0,MAW,A01,A01,A08,,REE_AggGenOutput_202401011704.xml
2024-01-01 15:45:00+00:00,B11,812.0,MAW,A01,A01,A08,,REE_AggGenOutput_202401011704.xml
2024-01-01 15:45:00+00:00,B12,1576.0,MAW,A01,A01,A08,,REE_AggGenOutput_202401011704.xml
2024-01-01 15:45:00+00:00,B13,0.0,MAW,A01,A01,A08,,REE_AggGenOutput_202401011704.xml
2024-01-01 15:45:00+00:00,B14,7092.0,MAW,A01,A01,A08,,REE_AggGenOutput_202401011704.xml
2024-01-01 15:45:00+00:00,B15,72.0,MAW,A01,A01,A08,,REE_AggGenOutput_202401011704.xml
2024-01-01 15:45:00+00:00,B16,6996.0,MAW,A01,A01,A08,,REE_AggGenOutput_202401011704.xml
2024-01-01 15:45:00+00:00,B17,244.0,MAW,A01,A01,A08,,REE_AggGenOutput_202401011704.xml
2024-01-01 15:45:00+00:00,B18,0.0,MAW,A01,A01,A08,,REE_AggGenOutput_202401011704.xml
2024-01-01 15:45:00+00:00,B19,7604.0,MAW,A01,A01,A08,,REE_AggGenOutput_202401011704.xml
2024-01-01 15:45:00+00:00,B20,0.0,MAW,A01,A01,A08,,REE_AggGenOutput_202401011704.xml
2024-01-01 16:45:00+00:00,B01,212.0,MAW,A01,A01,A08,,REE_AggGenOutput_202401011804.xml
2024-01-01 16:45:00+00:00,B02,0.0,MAW,A01,A01,A08,,REE_AggGenOutput_202401011804.xml
2024-01-01 16:45:00+00:00,B03,0.0,MAW,A01,A01,A08,,REE_AggGenOutput_202401011804.xml
2024-01-01 16:45:00+00:00,B04,4064.0,MAW,A01,A01,A08,,REE_AggGenOutput_202401011804.xml
2024-01-01 16:45:00+00:00,B05,252.0,MAW,A01,A01,A08,,REE_AggGenOutput_202401011804.xml
2024-01-01 16:45:00+00:00,B06,20.0,MAW,A01,A01,A08,,REE_AggGenOutput_202401011804.xml
2024-01-01 16:45:00+00:00,B07,0.0,MAW,A01,A01,A08,,REE_AggGenOutput_202401011804.xml
2024-01-01 16:45:00+00:00,B08,0.0,MAW,A01,A01,A08,,REE_AggGenOutput_202401011804.xml
2024-01-01 16:45:00+00:00,B09,0.0,MAW,A01,A01,A08,,REE_AggGenOutput_202401011804.xml
2024-01-01 16:45:00+00:00,B10,1088.0,MAW,A01,A01,A08,,REE_AggGenOutput_202401011804.xml
2024-01-01 16:45:00+00:00,B10,1544.0,MAW,A01,A01,A08,,REE_AggGenOutput_202401011804.xml
2024-01-01 16:45:00+00:00,B11,856.0,MAW,A01,A01,A08,,REE_AggGenOutput_202401011804.xml
2024-01-01 16:45:00+00:00,B12,1892.0,MAW,A01,A01,A08,,REE_AggGenOutput_202401011804.xml
2024-01-01 16:45:00+00:00,B13,0.0,MAW,A01,A01,A08,,REE_AggGenOutput_202401011804.xml
2024-01-01 16:45:00+00:00,B14,7092.0,MAW,A01,A01,A08,,REE_AggGenOutput_202401011804.xml
2024-01-01 16:45:00+00:00,B15,72.0,MAW,A01,A01,A08,,REE_AggGenOutput_202401011804.xml
2024-01-01 16:45:00+00:00,B16,1612.0,MAW,A01,A01,A08,,REE_AggGenOutput_202401011804.xml
2024-01-01 16:45:00+00:00,B17,244.0,MAW,A01,A01,A08,,REE_AggGenOutput_202401011804.xml
2024-01-01 16:45:00+00:00,B18,0.0,MAW,A01,A01,A08,,REE_AggGenOutput_202401011804.xml
2024-01-01 16:45:00+00:00,B19,7472.0,MAW,A01,A01,A08,,REE_AggGenOutput_202401011804.xml
2024-01-01 16:45:00+00:00,B20,0.0,MAW,A01,A01,A08,,REE_AggGenOutput_202401011804.xml
2024-01-01 17:45:00+00:00,B01,232.0,MAW,A01,A01,A08,,REE_AggGenOutput_202401011904.xml
2024-01-01 17:45:00+00:00,B02,0.0,MAW,A01,A01,A08,,REE_AggGenOutput_202401011904.xml
2024-01-01 17:45:00+00:00,B03,0.0,MAW,A01,A01,A08,,REE_AggGenOutput_202401011904.xml
2024-01-01 17:45:00+00:00,B04,3448.0,MAW,A01,A01,A08,,REE_AggGenOutput_202401011904.xml
2024-01-01 17:45:00+00:00,B05,252.0,MAW,A01,A01,A08,,REE_AggGenOutput_202401011904.xml
2024-01-01 17:45:00+00:00,B06,44.0,MAW,A01,A01,A08,,REE_AggGenOutput_202401011904.xml
2024-01-01 17:45:00+00:00,B07,0.0,MAW,A01,A01,A08,,REE_AggGenOutput_202401011904.xml
2024-01-01 17:45:00+00:00,B08,0.0,MAW,A01,A01,A08,,REE_AggGenOutput_202401011904.xml
2024-01-01 17:45:00+00:00,B09,0.0,MAW,A01,A01,A08,,REE_AggGenOutput_202401011904.xml
2024-01-01 17:45:00+00:00,B10,2164.0,MAW,A01,A01,A08,,REE_AggGenOutput_202401011904.xml
2024-01-01 17:45:00+00:00,B10,324.0,MAW,A01,A01,A08,,REE_AggGenOutput_202401011904.xml
2024-01-01 17:45:00+00:00,B11,948.0,MAW,A01,A01,A08,,REE_AggGenOutput_202401011904.xml
2024-01-01 17:45:00+00:00,B12,2372.0,MAW,A01,A01,A08,,REE_AggGenOutput_202401011904.xml
2024-01-01 17:45:00+00:00,B13,0.0,MAW,A01,A01,A08,,REE_AggGenOutput_202401011904.xml
2024-01-01 17:45:00+00:00,B14,7092.0,MAW,A01,A01,A08,,REE_AggGenOutput_202401011904.xml
2024-01-01 17:45:00+00:00,B15,76.0,MAW,A01,A01,A08,,REE_AggGenOutput_202401011904.xml
2024-01-01 17:45:00+00:00,B16,168.0,MAW,A01,A01,A08,,REE_AggGenOutput_202401011904.xml
2024-01-01 17:45:00+00:00,B17,244.0,MAW,A01,A01,A08,,REE_AggGenOutput_202401011904.xml
2024-01-01 17:45:00+00:00,B18,0.0,MAW,A01,A01,A08,,REE_AggGenOutput_202401011904.xml
2024-01-01 17:45:00+00:00,B19,8400.0,MAW,A01,A01,A08,,REE_AggGenOutput_202401011904.xml
2024-01-01 17:45:00+00:00,B20,0.0,MAW,A01,A01,A08,,REE_AggGenOutput_202401011904.xml
2024-01-01 18:45:00+00:00,B01,236.0,MAW,A01,A01,A08,,REE_AggGenOutput_202401012004.xml
2024-01-01 18:45:00+00:00,B02,0.0,MAW,A01,A01,A08,,REE_AggGenOutput_202401012004.xml
2024-01-01 18:45:00+00:00,B03,0.0,MAW,A01,A01,A08,,REE_AggGenOutput_202401012004.xml
2024-01-01 18:45:00+00:00,B04,2952.0,MAW,A01,A01,A08,,REE_AggGenOutput_202401012004.xml
2024-01-01 18:45:00+00:00,B05,252.0,MAW,A01,A01,A08,,REE_AggGenOutput_202401012004.xml
2024-01-01 18:45:00+00:00,B06,44.0,MAW,A01,A01,A08,,REE_AggGenOutput_202401012004.xml
2024-01-01 18:45:00+00:00,B07,0.0,MAW,A01,A01,A08,,REE_AggGenOutput_202401012004.xml
2024-01-01 18:45:00+00:00,B08,0.0,MAW,A01,A01,A08,,REE_AggGenOutput_202401012004.xml
2024-01-01 18:45:00+00:00,B09,0.0,MAW,A01,A01,A08,,REE_AggGenOutput_202401012004.xml
2024-01-01 18:45:00+00:00,B10,2264.0,MAW,A01,A01,A08,,REE_AggGenOutput_202401012004.xml
2024-01-01 18:45:00+00:00,B10,0.0,MAW,A01,A01,A08,,REE_AggGenOutput_202401012004.xml
2024-01-01 18:45:00+00:00,B11,980.0,MAW,A01,A01,A08,,REE_AggGenOutput_202401012004.xml
2024-01-01 18:45:00+00:00,B12,2788.0,MAW,A01,A01,A08,,REE_AggGenOutput_202401012004.xml
2024-01-01 18:45:00+00:00,B13,0.0,MAW,A01,A01,A08,,REE_AggGenOutput_202401012004.xml
2024-01-01 18:45:00+00:00,B14,7088.0,MAW,A01,A01,A08,,REE_AggGenOutput_202401012004.xml
2024-01-01 18:45:00+00:00,B15,76.0,MAW,A01,A01,A08,,REE_AggGenOutput_202401012004.xml
2024-01-01 18:45:00+00:00,B16,112.0,MAW,A01,A01,A08,,REE_AggGenOutput_202401012004.xml
2024-01-01 18:45:00+00:00,B17,244.0,MAW,A01,A01,A08,,REE_AggGenOutput_202401012004.xml
2024-01-01 18:45:00+00:00,B18,0.0,MAW,A01,A01,A08,,REE_AggGenOutput_202401012004.xml
2024-01-01 18:45:00+00:00,B19,9224.0,MAW,A01,A01,A08,,REE_AggGenOutput_202401012004.xml
2024-01-01 18:45:00+00:00,B20,0.0,MAW,A01,A01,A08,,REE_AggGenOutput_202401012004.xml
2024-01-01 19:45:00+00:00,B01,236.0,MAW,A01,A01,A08,,REE_AggGenOutput_202401012104.xml
2024-01-01 19:45:00+00:00,B02,0.0,MAW,A01,A01,A08,,REE_AggGenOutput_202401012104.xml
2024-01-01 19:45:00+00:00,B03,0.0,MAW,A01,A01,A08,,REE_AggGenOutput_202401012104.xml
2024-01-01 19:45:00+00:00,B04,3000.0,MAW,A01,A01,A08,,REE_AggGenOutput_202401012104.xml
2024-01-01 19:45:00+00:00,B05,252.0,MAW,A01,A01,A08,,REE_AggGenOutput_202401012104.xml
2024-01-01 19:45:00+00:00,B06,44.0,MAW,A01,A01,A08,,REE_AggGenOutput_202401012104.xml
2024-01-01 19:45:00+00:00,B07,0.0,MAW,A01,A01,A08,,REE_AggGenOutput_202401012104.xml
2024-01-01 19:45:00+00:00,B08,0.0,MAW,A01,A01,A08,,REE_AggGenOutput_202401012104.xml
2024-01-01 19:45:00+00:00,B09,0.0,MAW,A01,A01,A08,,REE_AggGenOutput_202401012104.xml
2024-01-01 19:45:00+00:00,B10,2508.0,MAW,A01,A01,A08,,REE_AggGenOutput_202401012104.xml
2024-01-01 19:45:00+00:00,B10,0.0,MAW,A01,A01,A08,,REE_AggGenOutput_202401012104.xml
2024-01-01 19:45:00+00:00,B11,1012.0,MAW,A01,A01,A08,,REE_AggGenOutput_202401012104.xml
2024-01-01 19:45:00+00:00,B12,3024.0,MAW,A01,A01,A08,,REE_AggGenOutput_202401012104.xml
2024-01-01 19:45:00+00:00,B13,0.0,MAW,A01,A01,A08,,REE_AggGenOutput_202401012104.xml
2024-01-01 19:45:00+00:00,B14,7088.0,MAW,A01,A01,A08,,REE_AggGenOutput_202401012104.xml
2024-01-01 19:45:00+00:00,B15,72.0,MAW,A01,A01,A08,,REE_AggGenOutput_202401012104.xml
2024-01-01 19:45:00+00:00,B16,80.0,MAW,A01,A01,A08,,REE_AggGenOutput_202401012104.xml
2024-01-01 19:45:00+00:00,B17,248.0,MAW,A01,A01,A08,,REE_AggGenOutput_202401012104.xml
2024-01-01 19:45:00+00:00,B18,0.0,MAW,A01,A01,A08,,REE_AggGenOutput_202401012104.xml
2024-01-01 19:45:00+00:00,B19,9040.0,MAW,A01,A01,A08,,REE_AggGenOutput_202401012104.xml
2024-01-01 19:45:00+00:00,B20,0.0,MAW,A01,A01,A08,,REE_AggGenOutput_202401012104.xml
2024-01-01 20:45:00+00:00,B01,236.0,MAW,A01,A01,A08,,REE_AggGenOutput_202401012204.xml
2024-01-01 20:45:00+00:00,B02,0.0,MAW,A01,A01,A08,,REE_AggGenOutput_202401012204.xml
2024-01-01 20:45:00+00:00,B03,0.0,MAW,A01,A01,A08,,REE_AggGenOutput_202401012204.xml
2024-01-01 20:45:00+00:00,B04,3228.0,MAW,A01,A01,A08,,REE_AggGenOutput_202401012204.xml
2024-01-01 20:45:00+00:00,B05,252.0,MAW,A01,A01,A08,,REE_AggGenOutput_202401012204.xml
2024-01-01 20:45:00+00:00,B06,44.0,MAW,A01,A01,A08,,REE_AggGenOutput_202401012204.xml
2024-01-01 20:45:00+00:00,B07,0.0,MAW,A01,A01,A08,,REE_AggGenOutput_202401012204.xml
2024-01-01 20:45:00+00:00,B08,0.0,MAW,A01,A01,A08,,REE_AggGenOutput_202401012204.xml
2024-01-01 20:45:00+00:00,B09,0.0,MAW,A01,A01,A08,,REE_AggGenOutput_202401012204.xml
2024-01-01 20:45:00+00:00,B10,2536.0,MAW,A01,A01,A08,,REE_AggGenOutput_202401012204.xml
2024-01-01 20:45:00+00:00,B10,0.0,MAW,A01,A01,A08,,REE_AggGenOutput_202401012204.xml
2024-01-01 20:45:00+00:00,B11,1000.0,MAW,A01,A01,A08,,REE_AggGenOutput_202401012204.xml
2024-01-01 20:45:00+00:00,B12,3084.0,MAW,A01,A01,A08,,REE_AggGenOutput_202401012204.xml
2024-01-01 20:45:00+00:00,B13,0.0,MAW,A01,A01,A08,,REE_AggGenOutput_202401012204.xml
2024-01-01 20:45:00+00:00,B14,7088.0,MAW,A01,A01,A08,,REE_AggGenOutput_202401012204.xml
2024-01-01 20:45:00+00:00,B15,76.0,MAW,A01,A01,A08,,REE_AggGenOutput_202401012204.xml
2024-01-01 20:45:00+00:00,B16,60.0,MAW,A01,A01,A08,,REE_AggGenOutput_202401012204.xml
2024-01-01 20:45:00+00:00,B17,244.0,MAW,A01,A01,A08,,REE_AggGenOutput_202401012204.xml
2024-01-01 20:45:00+00:00,B18,0.0,MAW,A01,A01,A08,,REE_AggGenOutput_202401012204.xml
2024-01-01 20:45:00+00:00,B19,8828.0,MAW,A01,A01,A08,,REE_AggGenOutput_202401012204.xml
2024-01-01 20:45:00+00:00,B20,0.0,MAW,A01,A01,A08,,REE_AggGenOutput_202401012204.xml
2024-01-01 21:45:00+00:00,B01,224.0,MAW,A01,A01,A08,,REE_AggGenOutput_202401012304.xml
2024-01-01 21:45:00+00:00,B02,0.0,MAW,A01,A01,A08,,REE_AggGenOutput_202401012304.xml
2024-01-01 21:45:00+00:00,B03,0.0,MAW,A01,A01,A08,,REE_AggGenOutput_202401012304.xml
2024-01-01 21:45:00+00:00,B04,2924.0,MAW,A01,A01,A08,,REE_AggGenOutput_202401012304.xml
2024-01-01 21:45:00+00:00,B05,252.0,MAW,A01,A01,A08,,REE_AggGenOutput_202401012304.xml
2024-01-01 21:45:00+00:00,B06,44.0,MAW,A01,A01,A08,,REE_AggGenOutput_202401012304.xml
2024-01-01 21:45:00+00:00,B07,0.0,MAW,A01,A01,A08,,REE_AggGenOutput_202401012304.xml
2024-01-01 21:45:00+00:00,B08,0.0,MAW,A01,A01,A08,,REE_AggGenOutput_202401012304.xml
2024-01-01 21:45:00+00:00,B09,0.0,MAW,A01,A01,A08,,REE_AggGenOutput_202401012304.xml
2024-01-01 21:45:00+00:00,B10,2020.0,MAW,A01,A01,A08,,REE_AggGenOutput_202401012304.xml
2024-01-01 21:45:00+00:00,B10,216.0,MAW,A01,A01,A08,,REE_AggGenOutput_202401012304.xml
2024-01-01 21:45:00+00:00,B11,936.0,MAW,A01,A01,A08,,REE_AggGenOutput_202401012304.xml
2024-01-01 21:45:00+00:00,B12,2392.0,MAW,A01,A01,A08,,REE_AggGenOutput_202401012304.xml
2024-01-01 21:45:00+00:00,B13,0.0,MAW,A01,A01,A08,,REE_AggGenOutput_202401012304.xml
2024-01-01 21:45:00+00:00,B14,7088.0,MAW,A01,A01,A08,,REE_AggGenOutput_202401012304.xml
2024-01-01 21:45:00+00:00,B15,76.0,MAW,A01,A01,A08,,REE_AggGenOutput_202401012304.xml
2024-01-01 21:45:00+00:00,B16,60.0,MAW,A01,A01,A08,,REE_AggGenOutput_202401012304.xml
2024-01-01 21:45:00+00:00,B17,244.0,MAW,A01,A01,A08,,REE_AggGenOutput_202401012304.xml
2024-01-01 21:45:00+00:00,B18,0.0,MAW,A01,A01,A08,,REE_AggGenOutput_202401012304.xml
2024-01-01 21:45:00+00:00,B19,8720.0,MAW,A01,A01,A08,,REE_AggGenOutput_202401012304.xml
2024-01-01 21:45:00+00:00,B20,0.0,MAW,A01,A01,A08,,REE_AggGenOutput_202401012304.xml
2024-01-01 22:45:00+00:00,B01,212.0,MAW,A01,A01,A08,,REE_AggGenOutput_202401012404.xml
2024-01-01 22:45:00+00:00,B02,0.0,MAW,A01,A01,A08,,REE_AggGenOutput_202401012404.xml
2024-01-01 22:45:00+00:00,B03,0.0,MAW,A01,A01,A08,,REE_AggGenOutput_202401012404.xml
2024-01-01 22:45:00+00:00,B04,3272.0,MAW,A01,A01,A08,,REE_AggGenOutput_202401012404.xml
2024-01-01 22:45:00+00:00,B05,252.0,MAW,A01,A01,A08,,REE_AggGenOutput_202401012404.xml
2024-01-01 22:45:00+00:00,B06,44.0,MAW,A01,A01,A08,,REE_AggGenOutput_202401012404.xml
2024-01-01 22:45:00+00:00,B07,0.0,MAW,A01,A01,A08,,REE_AggGenOutput_202401012404.xml
2024-01-01 22:45:00+00:00,B08,0.0,MAW,A01,A01,A08,,REE_AggGenOutput_202401012404.xml
2024-01-01 22:45:00+00:00,B09,0.0,MAW,A01,A01,A08,,REE_AggGenOutput_202401012404.xml
2024-01-01 22:45:00+00:00,B10,1316.0,MAW,A01,A01,A08,,REE_AggGenOutput_202401012404.xml
2024-01-01 22:45:00+00:00,B10,904.0,MAW,A01,A01,A08,,REE_AggGenOutput_202401012404.xml
2024-01-01 22:45:00+00:00,B11,852.0,MAW,A01,A01,A08,,REE_AggGenOutput_202401012404.xml
2024-01-01 22:45:00+00:00,B12,1492.0,MAW,A01,A01,A08,,REE_AggGenOutput_202401012404.xml
2024-01-01 22:45:00+00:00,B13,0.0,MAW,A01,A01,A08,,REE_AggGenOutput_202401012404.xml
2024-01-01 22:45:00+00:00,B14,7092.0,MAW,A01,A01,A08,,REE_AggGenOutput_202401012404.xml
2024-01-01 22:45:00+00:00,B15,72.0,MAW,A01,A01,A08,,REE_AggGenOutput_202401012404.xml
2024-01-01 22:45:00+00:00,B16,56.0,MAW,A01,A01,A08,,REE_AggGenOutput_202401012404.xml
2024-01-01 22:45:00+00:00,B17,244.0,MAW,A01,A01,A08,,REE_AggGenOutput_202401012404.xml
2024-01-01 22:45:00+00:00,B18,0.0,MAW,A01,A01,A08,,REE_AggGenOutput_202401012404.xml
2024-01-01 22:45:00+00:00,B19,9228.0,MAW,A01,A01,A08,,REE_AggGenOutput_202401012404.xml
2024-01-01 22:45:00+00:00,B20,0.0,MAW,A01,A01,A08,,REE_AggGenOutput_202401012404.xml
2024-01-01 23:45:00+00:00,B01,220.0,MAW,A01,A01,A08,,REE_AggGenOutput_202401020104.xml
2024-01-01 23:45:00+00:00,B02,0.0,MAW,A01,A01,A08,,REE_AggGenOutput_202401020104.xml
2024-01-01 23:45:00+00:00,B03,0.0,MAW,A01,A01,A08,,REE_AggGenOutput_202401020104.xml
2024-01-01 23:45:00+00:00,B04,3312.0,MAW,A01,A01,A08,,REE_AggGenOutput_202401020104.xml
2024-01-01 23:45:00+00:00,B05,252.0,MAW,A01,A01,A08,,REE_AggGenOutput_202401020104.xml
2024-01-01 23:45:00+00:00,B06,20.0,MAW,A01,A01,A08,,REE_AggGenOutput_202401020104.xml
2024-01-01 23:45:00+00:00,B07,0.0,MAW,A01,A01,A08,,REE_AggGenOutput_202401020104.xml
2024-01-01 23:45:00+00:00,B08,0.0,MAW,A01,A01,A08,,REE_AggGenOutput_202401020104.xml
2024-01-01 23:45:00+00:00,B09,0.0,MAW,A01,A01,A08,,REE_AggGenOutput_202401020104.xml
2024-01-01 23:45:00+00:00,B10,188.0,MAW,A01,A01,A08,,REE_AggGenOutput_202401020104.xml
2024-01-01 23:45:00+00:00,B10,1952.0,MAW,A01,A01,A08,,REE_AggGenOutput_202401020104.xml
2024-01-01 23:45:00+00:00,B11,784.0,MAW,A01,A01,A08,,REE_AggGenOutput_202401020104.xml
2024-01-01 23:45:00+00:00,B12,1280.0,MAW,A01,A01,A08,,REE_AggGenOutput_202401020104.xml
2024-01-01 23:45:00+00:00,B13,0.0,MAW,A01,A01,A08,,REE_AggGenOutput_202401020104.xml
2024-01-01 23:45:00+00:00,B14,7092.0,MAW,A01,A01,A08,,REE_AggGenOutput_202401020104.xml
2024-01-01 23:45:00+00:00,B15,72.0,MAW,A01,A01,A08,,REE_AggGenOutput_202401020104.xml
2024-01-01 23:45:00+00:00,B16,60.0,MAW,A01,A01,A08,,REE_AggGenOutput_202401020104.xml
2024-01-01 23:45:00+00:00,B17,240.0,MAW,A01,A01,A08,,REE_AggGenOutput_202401020104.xml
2024-01-01 23:45:00+00:00,B18,0.0,MAW,A01,A01,A08,,REE_AggGenOutput_202401020104.xml
2024-01-01 23:45:00+00:00,B19,9676.0,MAW,A01,A01,A08,,REE_AggGenOutput_202401020104.xml
2024-01-01 23:45:00+00:00,B20,0.0,MAW,A01,A01,A08,,REE_AggGenOutput_202401020104.xml
2024-01-02 00:45:00+00:00,B01,216.0,MAW,A01,A01,A08,,REE_AggGenOutput_202401020204.xml
2024-01-02 00:45:00+00:00,B02,0.0,MAW,A01,A01,A08,,REE_AggGenOutput_202401020204.xml
2024-01-02 00:45:00+00:00,B03,0.0,MAW,A01,A01,A08,,REE_AggGenOutput_202401020204.xml
2024-01-02 00:45:00+00:00,B04,3604.0,MAW,A01,A01,A08,,REE_AggGenOutput_202401020204.xml
2024-01-02 00:45:00+00:00,B05,252.0,MAW,A01,A01,A08,,REE_AggGenOutput_202401020204.xml
2024-01-02 00:45:00+00:00,B06,20.0,MAW,A01,A01,A08,,REE_AggGenOutput_202401020204.xml
2024-01-02 00:45:00+00:00,B07,0.0,MAW,A01,A01,A08,,REE_AggGenOutput_202401020204.xml
2024-01-02 00:45:00+00:00,B08,0.0,MAW,A01,A01,A08,,REE_AggGenOutput_202401020204.xml
2024-01-02 00:45:00+00:00,B09,0.0,MAW,A01,A01,A08,,REE_AggGenOutput_202401020204.xml
2024-01-02 00:45:00+00:00,B10,52.0,MAW,A01,A01,A08,,REE_AggGenOutput_202401020204.xml
2024-01-02 00:45:00+00:00,B10,3816.0,MAW,A01,A01,A08,,REE_AggGenOutput_202401020204.xml
2024-01-02 00:45:00+00:00,B11,800.0,MAW,A01,A01,A08,,REE_AggGenOutput_202401020204.xml
2024-01-02 00:45:00+00:00,B12,1300.0,MAW,A01,A01,A08,,REE_AggGenOutput_202401020204.xml
2024-01-02 00:45:00+00:00,B13,0.0,MAW,A01,A01,A08,,REE_AggGenOutput_202401020204.xml
2024-01-02 00:45:00+00:00,B14,7088.0,MAW,A01,A01,A08,,REE_AggGenOutput_202401020204.xml
2024-01-02 00:45:00+00:00,B15,68.0,MAW,A01,A01,A08,,REE_AggGenOutput_202401020204.xml
2024-01-02 00:45:00+00:00,B16,56.0,MAW,A01,A01,A08,,REE_AggGenOutput_202401020204.xml
2024-01-02 00:45:00+00:00,B17,244.0,MAW,A01,A01,A08,,REE_AggGenOutput_202401020204.xml
2024-01-02 00:45:00+00:00,B18,0.0,MAW,A01,A01,A08,,REE_AggGenOutput_202401020204.xml
2024-01-02 00:45:00+00:00,B19,9736.0,MAW,A01,A01,A08,,REE_AggGenOutput_202401020204.xml
2024-01-02 00:45:00+00:00,B20,0.0,MAW,A01,A01,A08,,REE_AggGenOutput_202401020204.xml
2024-01-02 01:45:00+00:00,B01,236.0,MAW,A01,A01,A08,,REE_AggGenOutput_202401020304.xml
2024-01-02 01:45:00+00:00,B02,0.0,MAW,A01,A01,A08,,REE_AggGenOutput_202401020304.xml
2024-01-02 01:45:00+00:00,B03,0.0,MAW,A01,A01,A08,,REE_AggGenOutput_202401020304.xml
2024-01-02 01:45:00+00:00,B04,3748.0,MAW,A01,A01,A08,,REE_AggGenOutput_202401020304.xml
2024-01-02 01:45:00+00:00,B05,252.0,MAW,A01,A01,A08,,REE_AggGenOutput_202401020304.xml
2024-01-02 01:45:00+00:00,B06,20.0,MAW,A01,A01,A08,,REE_AggGenOutput_202401020304.xml
2024-01-02 01:45:00+00:00,B07,0.0,MAW,A01,A01,A08,,REE_AggGenOutput_202401020304.xml
2024-01-02 01:45:00+00:00,B08,0.0,MAW,A01,A01,A08,,REE_AggGenOutput_202401020304.xml
2024-01-02 01:45:00+00:00,B09,0.0,MAW,A01,A01,A08,,REE_AggGenOutput_202401020304.xml
2024-01-02 01:45:00+00:00,B10,52.0,MAW,A01,A01,A08,,REE_AggGenOutput_202401020304.xml
2024-01-02 01:45:00+00:00,B10,4364.0,MAW,A01,A01,A08,,REE_AggGenOutput_202401020304.xml
2024-01-02 01:45:00+00:00,B11,796.0,MAW,A01,A01,A08,,REE_AggGenOutput_202401020304.xml
2024-01-02 01:45:00+00:00,B12,1208.0,MAW,A01,A01,A08,,REE_AggGenOutput_202401020304.xml
2024-01-02 01:45:00+00:00,B13,0.0,MAW,A01,A01,A08,,REE_AggGenOutput_202401020304.xml
2024-01-02 01:45:00+00:00,B14,7088.0,MAW,A01,A01,A08,,REE_AggGenOutput_202401020304.xml
2024-01-02 01:45:00+00:00,B15,68.0,MAW,A01,A01,A08,,REE_AggGenOutput_202401020304.xml
2024-01-02 01:45:00+00:00,B16,28.0,MAW,A01,A01,A08,,REE_AggGenOutput_202401020304.xml
2024-01-02 01:45:00+00:00,B17,244.0,MAW,A01,A01,A08,,REE_AggGenOutput_202401020304.xml
2024-01-02 01:45:00+00:00,B18,0.0,MAW,A01,A01,A08,,REE_AggGenOutput_202401020304.xml
2024-01-02 01:45:00+00:00,B19,9608.0,MAW,A01,A01,A08,,REE_AggGenOutput_202401020304.xml
2024-01-02 01:45:00+00:00,B20,0.0,MAW,A01,A01,A08,,REE_AggGenOutput_202401020304.xml
2024-01-02 02:45:00+00:00,B01,240.0,MAW,A01,A01,A08,,REE_AggGenOutput_202401020404.xml
2024-01-02 02:45:00+00:00,B02,0.0,MAW,A01,A01,A08,,REE_AggGenOutput_202401020404.xml
2024-01-02 02:45:00+00:00,B03,0.0,MAW,A01,A01,A08,,REE_AggGenOutput_202401020404.xml
2024-01-02 02:45:00+00:00,B04,3412.0,MAW,A01,A01,A08,,REE_AggGenOutput_202401020404.xml
2024-01-02 02:45:00+00:00,B05,252.0,MAW,A01,A01,A08,,REE_AggGenOutput_202401020404.xml
2024-01-02 02:45:00+00:00,B06,20.0,MAW,A01,A01,A08,,REE_AggGenOutput_202401020404.xml
2024-01-02 02:45:00+00:00,B07,0.0,MAW,A01,A01,A08,,REE_AggGenOutput_202401020404.xml
2024-01-02 02:45:00+00:00,B08,0.0,MAW,A01,A01,A08,,REE_AggGenOutput_202401020404.xml
2024-01-02 02:45:00+00:00,B09,0.0,MAW,A01,A01,A08,,REE_AggGenOutput_202401020404.xml
2024-01-02 02:45:00+00:00,B10,52.0,MAW,A01,A01,A08,,REE_AggGenOutput_202401020404.xml
2024-01-02 02:45:00+00:00,B10,4420.0,MAW,A01,A01,A08,,REE_AggGenOutput_202401020404.xml
2024-01-02 02:45:00+00:00,B11,748.0,MAW,A01,A01,A08,,REE_AggGenOutput_202401020404.xml
2024-01-02 02:45:00+00:00,B12,1180.0,MAW,A01,A01,A08,,REE_AggGenOutput_202401020404.xml
2024-01-02 02:45:00+00:00,B13,0.0,MAW,A01,A01,A08,,REE_AggGenOutput_202401020404.xml
2024-01-02 02:45:00+00:00,B14,7088.0,MAW,A01,A01,A08,,REE_AggGenOutput_202401020404.xml
2024-01-02 02:45:00+00:00,B15,68.0,MAW,A01,A01,A08,,REE_AggGenOutput_202401020404.xml
2024-01-02 02:45:00+00:00,B16,28.0,MAW,A01,A01,A08,,REE_AggGenOutput_202401020404.xml
2024-01-02 02:45:00+00:00,B17,244.0,MAW,A01,A01,A08,,REE_AggGenOutput_202401020404.xml
2024-01-02 02:45:00+00:00,B18,0.0,MAW,A01,A01,A08,,REE_AggGenOutput_202401020404.xml
2024-01-02 02:45:00+00:00,B19,9772.0,MAW,A01,A01,A08,,REE_AggGenOutput_202401020404.xml
2024-01-02 02:45:00+00:00,B20,0.0,MAW,A01,A01,A08,,REE_AggGenOutput_202401020404.xml
2024-01-02 03:45:00+00:00,B01,240.0,MAW,A01,A01,A08,,REE_AggGenOutput_202401020504.xml
2024-01-02 03:45:00+00:00,B02,0.0,MAW,A01,A01,A08,,REE_AggGenOutput_202401020504.xml
2024-01-02 03:45:00+00:00,B03,0.0,MAW,A01,A01,A08,,REE_AggGenOutput_202401020504.xml
2024-01-02 03:45:00+00:00,B04,3696.0,MAW,A01,A01,A08,,REE_AggGenOutput_202401020504.xml
2024-01-02 03:45:00+00:00,B05,252.0,MAW,A01,A01,A08,,REE_AggGenOutput_202401020504.xml
2024-01-02 03:45:00+00:00,B06,20.0,MAW,A01,A01,A08,,REE_AggGenOutput_202401020504.xml
2024-01-02 03:45:00+00:00,B07,0.0,MAW,A01,A01,A08,,REE_AggGenOutput_202401020504.xml
2024-01-02 03:45:00+00:00,B08,0.0,MAW,A01,A01,A08,,REE_AggGenOutput_202401020504.xml
2024-01-02 03:45:00+00:00,B09,0.0,MAW,A01,A01,A08,,REE_AggGenOutput_202401020504.xml
2024-01-02 03:45:00+00:00,B10,52.0,MAW,A01,A01,A08,,REE_AggGenOutput_202401020504.xml
2024-01-02 03:45:00+00:00,B10,4436.0,MAW,A01,A01,A08,,REE_AggGenOutput_202401020504.xml
2024-01-02 03:45:00+00:00,B11,780.0,MAW,A01,A01,A08,,REE_AggGenOutput_202401020504.xml
2024-01-02 03:45:00+00:00,B12,1268.0,MAW,A01,A01,A08,,REE_AggGenOutput_202401020504.xml
2024-01-02 03:45:00+00:00,B13,0.0,MAW,A01,A01,A08,,REE_AggGenOutput_202401020504.xml
2024-01-02 03:45:00+00:00,B14,7088.0,MAW,A01,A01,A08,,REE_AggGenOutput_202401020504.xml
2024-01-02 03:45:00+00:00,B15,68.0,MAW,A01,A01,A08,,REE_AggGenOutput_202401020504.xml
2024-01-02 03:45:00+00:00,B16,28.0,MAW,A01,A01,A08,,REE_AggGenOutput_202401020504.xml
2024-01-02 03:45:00+00:00,B17,240.0,MAW,A01,A01,A08,,REE_AggGenOutput_202401020504.xml
2024-01-02 03:45:00+00:00,B18,0.0,MAW,A01,A01,A08,,REE_AggGenOutput_202401020504.xml
2024-01-02 03:45:00+00:00,B19,9080.0,MAW,A01,A01,A08,,REE_AggGenOutput_202401020504.xml
2024-01-02 03:45:00+00:00,B20,0.0,MAW,A01,A01,A08,,REE_AggGenOutput_202401020504.xml
2024-01-02 04:45:00+00:00,B01,244.0,MAW,A01,A01,A08,,REE_AggGenOutput_202401020604.xml
2024-01-02 04:45:00+00:00,B02,0.0,MAW,A01,A01,A08,,REE_AggGenOutput_202401020604.xml
2024-01-02 04:45:00+00:00,B03,0.0,MAW,A01,A01,A08,,REE_AggGenOutput_202401020604.xml
2024-01-02 04:45:00+00:00,B04,3832.0,MAW,A01,A01,A08,,REE_AggGenOutput_202401020604.xml
2024-01-02 04:45:00+00:00,B05,272.0,MAW,A01,A01,A08,,REE_AggGenOutput_202401020604.xml
2024-01-02 04:45:00+00:00,B06,20.0,MAW,A01,A01,A08,,REE_AggGenOutput_202401020604.xml
2024-01-02 04:45:00+00:00,B07,0.0,MAW,A01,A01,A08,,REE_AggGenOutput_202401020604.xml
2024-01-02 04:45:00+00:00,B08,0.0,MAW,A01,A01,A08,,REE_AggGenOutput_202401020604.xml
2024-01-02 04:45:00+00:00,B09,0.0,MAW,A01,A01,A08,,REE_AggGenOutput_202401020604.xml
2024-01-02 04:45:00+00:00,B10,52.0,MAW,A01,A01,A08,,REE_AggGenOutput_202401020604.xml
2024-01-02 04:45:00+00:00,B10,4308.0,MAW,A01,A01,A08,,REE_AggGenOutput_202401020604.xml
2024-01-02 04:45:00+00:00,B11,788.0,MAW,A01,A01,A08,,REE_AggGenOutput_202401020604.xml
2024-01-02 04:45:00+00:00,B12,1276.0,MAW,A01,A01,A08,,REE_AggGenOutput_202401020604.xml
2024-01-02 04:45:00+00:00,B13,0.0,MAW,A01,A01,A08,,REE_AggGenOutput_202401020604.xml
2024-01-02 04:45:00+00:00,B14,7088.0,MAW,A01,A01,A08,,REE_AggGenOutput_202401020604.xml
2024-01-02 04:45:00+00:00,B15,64.0,MAW,A01,A01,A08,,REE_AggGenOutput_202401020604.xml
2024-01-02 04:45:00+00:00,B16,28.0,MAW,A01,A01,A08,,REE_AggGenOutput_202401020604.xml
2024-01-02 04:45:00+00:00,B17,240.0,MAW,A01,A01,A08,,REE_AggGenOutput_202401020604.xml
2024-01-02 04:45:00+00:00,B18,0.0,MAW,A01,A01,A08,,REE_AggGenOutput_202401020604.xml
2024-01-02 04:45:00+00:00,B19,9376.0,MAW,A01,A01,A08,,REE_AggGenOutput_202401020604.xml
2024-01-02 04:45:00+00:00,B20,0.0,MAW,A01,A01,A08,,REE_AggGenOutput_202401020604.xml
2024-01-02 05:45:00+00:00,B01,252.0,MAW,A01,A01,A08,,REE_AggGenOutput_202401020704.xml
2024-01-02 05:45:00+00:00,B02,0.0,MAW,A01,A01,A08,,REE_AggGenOutput_202401020704.xml
2024-01-02 05:45:00+00:00,B03,0.0,MAW,A01,A01,A08,,REE_AggGenOutput_202401020704.xml
2024-01-02 05:45:00+00:00,B04,4028.0,MAW,A01,A01,A08,,REE_AggGenOutput_202401020704.xml
2024-01-02 05:45:00+00:00,B05,272.0,MAW,A01,A01,A08,,REE_AggGenOutput_202401020704.xml
2024-01-02 05:45:00+00:00,B06,20.0,MAW,A01,A01,A08,,REE_AggGenOutput_202401020704.xml
2024-01-02 05:45:00+00:00,B07,0.0,MAW,A01,A01,A08,,REE_AggGenOutput_202401020704.xml
2024-01-02 05:45:00+00:00,B08,0.0,MAW,A01,A01,A08,,REE_AggGenOutput_202401020704.xml
2024-01-02 05:45:00+00:00,B09,0.0,MAW,A01,A01,A08,,REE_AggGenOutput_202401020704.xml
2024-01-02 05:45:00+00:00,B10,56.0,MAW,A01,A01,A08,,REE_AggGenOutput_202401020704.xml
2024-01-02 05:45:00+00:00,B10,3612.0,MAW,A01,A01,A08,,REE_AggGenOutput_202401020704.xml
2024-01-02 05:45:00+00:00,B11,796.0,MAW,A01,A01,A08,,REE_AggGenOutput_202401020704.xml
2024-01-02 05:45:00+00:00,B12,1376.0,MAW,A01,A01,A08,,REE_AggGenOutput_202401020704.xml
2024-01-02 05:45:00+00:00,B13,0.0,MAW,A01,A01,A08,,REE_AggGenOutput_202401020704.xml
2024-01-02 05:45:00+00:00,B14,7088.0,MAW,A01,A01,A08,,REE_AggGenOutput_202401020704.xml
2024-01-02 05:45:00+00:00,B15,68.0,MAW,A01,A01,A08,,REE_AggGenOutput_202401020704.xml
2024-01-02 05:45:00+00:00,B16,28.0,MAW,A01,A01,A08,,REE_AggGenOutput_202401020704.xml
2024-01-02 05:45:00+00:00,B17,240.0,MAW,A01,A01,A08,,REE_AggGenOutput_202401020704.xml
2024-01-02 05:45:00+00:00,B18,0.0,MAW,A01,A01,A08,,REE_AggGenOutput_202401020704.xml
2024-01-02 05:45:00+00:00,B19,10416.0,MAW,A01,A01,A08,,REE_AggGenOutput_202401020704.xml
2024-01-02 05:45:00+00:00,B20,0.0,MAW,A01,A01,A08,,REE_AggGenOutput_202401020704.xml
2024-01-02 06:45:00+00:00,B01,248.0,MAW,A01,A01,A08,,REE_AggGenOutput_202401020804.xml
2024-01-02 06:45:00+00:00,B02,0.0,MAW,A01,A01,A08,,REE_AggGenOutput_202401020804.xml
2024-01-02 06:45:00+00:00,B03,0.0,MAW,A01,A01,A08,,REE_AggGenOutput_202401020804.xml
2024-01-02 06:45:00+00:00,B04,3972.0,MAW,A01,A01,A08,,REE_AggGenOutput_202401020804.xml
2024-01-02 06:45:00+00:00,B05,272.0,MAW,A01,A01,A08,,REE_AggGenOutput_202401020804.xml
2024-01-02 06:45:00+00:00,B06,44.0,MAW,A01,A01,A08,,REE_AggGenOutput_202401020804.xml
2024-01-02 06:45:00+00:00,B07,0.0,MAW,A01,A01,A08,,REE_AggGenOutput_202401020804.xml
2024-01-02 06:45:00+00:00,B08,0.0,MAW,A01,A01,A08,,REE_AggGenOutput_202401020804.xml
2024-01-02 06:45:00+00:00,B09,0.0,MAW,A01,A01,A08,,REE_AggGenOutput_202401020804.xml
2024-01-02 06:45:00+00:00,B10,900.0,MAW,A01,A01,A08,,REE_AggGenOutput_202401020804.xml
2024-01-02 06:45:00+00:00,B10,1488.0,MAW,A01,A01,A08,,REE_AggGenOutput_202401020804.xml
2024-01-02 06:45:00+00:00,B11,856.0,MAW,A01,A01,A08,,REE_AggGenOutput_202401020804.xml
2024-01-02 06:45:00+00:00,B12,1848.0,MAW,A01,A01,A08,,REE_AggGenOutput_202401020804.xml
2024-01-02 06:45:00+00:00,B13,0.0,MAW,A01,A01,A08,,REE_AggGenOutput_202401020804.xml
2024-01-02 06:45:00+00:00,B14,7084.0,MAW,A01,A01,A08,,REE_AggGenOutput_202401020804.xml
2024-01-02 06:45:00+00:00,B15,68.0,MAW,A01,A01,A08,,REE_AggGenOutput_202401020804.xml
2024-01-02 06:45:00+00:00,B16,28.0,MAW,A01,A01,A08,,REE_AggGenOutput_202401020804.xml
2024-01-02 06:45:00+00:00,B17,244.0,MAW,A01,A01,A08,,REE_AggGenOutput_202401020804.xml
2024-01-02 06:45:00+00:00,B18,0.0,MAW,A01,A01,A08,,REE_AggGenOutput_202401020804.xml
2024-01-02 06:45:00+00:00,B19,10936.0,MAW,A01,A01,A08,,REE_AggGenOutput_202401020804.xml
2024-01-02 06:45:00+00:00,B20,0.0,MAW,A01,A01,A08,,REE_AggGenOutput_202401020804.xml
2024-01-02 07:45:00+00:00,B01,256.0,MAW,A01,A01,A08,,REE_AggGenOutput_202401020904.xml
2024-01-02 07:45:00+00:00,B02,0.0,MAW,A01,A01,A08,,REE_AggGenOutput_202401020904.xml
2024-01-02 07:45:00+00:00,B03,0.0,MAW,A01,A01,A08,,REE_AggGenOutput_202401020904.xml
2024-01-02 07:45:00+00:00,B04,3256.0,MAW,A01,A01,A08,,REE_AggGenOutput_202401020904.xml
2024-01-02 07:45:00+00:00,B05,272.0,MAW,A01,A01,A08,,REE_AggGenOutput_202401020904.xml
2024-01-02 07:45:00+00:00,B06,44.0,MAW,A01,A01,A08,,REE_AggGenOutput_202401020904.xml
2024-01-02 07:45:00+00:00,B07,0.0,MAW,A01,A01,A08,,REE_AggGenOutput_202401020904.xml
2024-01-02 07:45:00+00:00,B08,0.0,MAW,A01,A01,A08,,REE_AggGenOutput_202401020904.xml
2024-01-02 07:45:00+00:00,B09,0.0,MAW,A01,A01,A08,,REE_AggGenOutput_202401020904.xml
2024-01-02 07:45:00+00:00,B10,1072.0,MAW,A01,A01,A08,,REE_AggGenOutput_202401020904.xml
2024-01-02 07:45:00+00:00,B10,220.0,MAW,A01,A01,A08,,REE_AggGenOutput_202401020904.xml
2024-01-02 07:45:00+00:00,B11,848.0,MAW,A01,A01,A08,,REE_AggGenOutput_202401020904.xml
2024-01-02 07:45:00+00:00,B12,1964.0,MAW,A01,A01,A08,,REE_AggGenOutput_202401020904.xml
2024-01-02 07:45:00+00:00,B13,0.0,MAW,A01,A01,A08,,REE_AggGenOutput_202401020904.xml
2024-01-02 07:45:00+00:00,B14,7084.0,MAW,A01,A01,A08,,REE_AggGenOutput_202401020904.xml
2024-01-02 07:45:00+00:00,B15,68.0,MAW,A01,A01,A08,,REE_AggGenOutput_202401020904.xml
2024-01-02 07:45:00+00:00,B16,120.0,MAW,A01,A01,A08,,REE_AggGenOutput_202401020904.xml
2024-01-02 07:45:00+00:00,B17,240.0,MAW,A01,A01,A08,,REE_AggGenOutput_202401020904.xml
2024-01-02 07:45:00+00:00,B18,0.0,MAW,A01,A01,A08,,REE_AggGenOutput_202401020904.xml
2024-01-02 07:45:00+00:00,B19,11516.0,MAW,A01,A01,A08,,REE_AggGenOutput_202401020904.xml
2024-01-02 07:45:00+00:00,B20,0.0,MAW,A01,A01,A08,,REE_AggGenOutput_202401020904.xml
2024-01-02 08:45:00+00:00,B01,256.0,MAW,A01,A01,A08,,REE_AggGenOutput_202401021004.xml
2024-01-02 08:45:00+00:00,B02,0.0,MAW,A01,A01,A08,,REE_AggGenOutput_202401021004.xml
2024-01-02 08:45:00+00:00,B03,0.0,MAW,A01,A01,A08,,REE_AggGenOutput_202401021004.xml
2024-01-02 08:45:00+00:00,B04,2812.0,MAW,A01,A01,A08,,REE_AggGenOutput_202401021004.xml
2024-01-02 08:45:00+00:00,B05,296.0,MAW,A01,A01,A08,,REE_AggGenOutput_202401021004.xml
2024-01-02 08:45:00+00:00,B06,44.0,MAW,A01,A01,A08,,REE_AggGenOutput_202401021004.xml
2024-01-02 08:45:00+00:00,B07,0.0,MAW,A01,A01,A08,,REE_AggGenOutput_202401021004.xml
2024-01-02 08:45:00+00:00,B08,0.0,MAW,A01,A01,A08,,REE_AggGenOutput_202401021004.xml
2024-01-02 08:45:00+00:00,B09,0.0,MAW,A01,A01,A08,,REE_AggGenOutput_202401021004.xml
2024-01-02 08:45:00+00:00,B10,1436.0,MAW,A01,A01,A08,,REE_AggGenOutput_202401021004.xml
2024-01-02 08:45:00+00:00,B10,0.0,MAW,A01,A01,A08,,REE_AggGenOutput_202401021004.xml
2024-01-02 08:45:00+00:00,B11,872.0,MAW,A01,A01,A08,,REE_AggGenOutput_202401021004.xml
2024-01-02 08:45:00+00:00,B12,2428.0,MAW,A01,A01,A08,,REE_AggGenOutput_202401021004.xml
2024-01-02 08:45:00+00:00,B13,0.0,MAW,A01,A01,A08,,REE_AggGenOutput_202401021004.xml
2024-01-02 08:45:00+00:00,B14,7088.0,MAW,A01,A01,A08,,REE_AggGenOutput_202401021004.xml
2024-01-02 08:45:00+00:00,B15,76.0,MAW,A01,A01,A08,,REE_AggGenOutput_202401021004.xml
2024-01-02 08:45:00+00:00,B16,2440.0,MAW,A01,A01,A08,,REE_AggGenOutput_202401021004.xml
2024-01-02 08:45:00+00:00,B17,240.0,MAW,A01,A01,A08,,REE_AggGenOutput_202401021004.xml
2024-01-02 08:45:00+00:00,B18,0.0,MAW,A01,A01,A08,,REE_AggGenOutput_202401021004.xml
2024-01-02 08:45:00+00:00,B19,11512.0,MAW,A01,A01,A08,,REE_AggGenOutput_202401021004.xml
2024-01-02 08:45:00+00:00,B20,0.0,MAW,A01,A01,A08,,REE_AggGenOutput_202401021004.xml
2024-01-02 09:45:00+00:00,B01,248.0,MAW,A01,A01,A08,,REE_AggGenOutput_202401021104.xml
2024-01-02 09:45:00+00:00,B02,0.0,MAW,A01,A01,A08,,REE_AggGenOutput_202401021104.xml
2024-01-02 09:45:00+00:00,B03,0.0,MAW,A01,A01,A08,,REE_AggGenOutput_202401021104.xml
2024-01-02 09:45:00+00:00,B04,2188.0,MAW,A01,A01,A08,,REE_AggGenOutput_202401021104.xml
2024-01-02 09:45:00+00:00,B05,300.0,MAW,A01,A01,A08,,REE_AggGenOutput_202401021104.xml
2024-01-02 09:45:00+00:00,B06,44.0,MAW,A01,A01,A08,,REE_AggGenOutput_202401021104.xml
2024-01-02 09:45:00+00:00,B07,0.0,MAW,A01,A01,A08,,REE_AggGenOutput_202401021104.xml
2024-01-02 09:45:00+00:00,B08,0.0,MAW,A01,A01,A08,,REE_AggGenOutput_202401021104.xml
2024-01-02 09:45:00+00:00,B09,0.0,MAW,A01,A01,A08,,REE_AggGenOutput_202401021104.xml
2024-01-02 09:45:00+00:00,B10,476.0,MAW,A01,A01,A08,,REE_AggGenOutput_202401021104.xml
2024-01-02 09:45:00+00:00,B10,100.0,MAW,A01,A01,A08,,REE_AggGenOutput_202401021104.xml
2024-01-02 09:45:00+00:00,B11,820.0,MAW,A01,A01,A08,,REE_AggGenOutput_202401021104.xml
2024-01-02 09:45:00+00:00,B12,2172.0,MAW,A01,A01,A08,,REE_AggGenOutput_202401021104.xml
2024-01-02 09:45:00+00:00,B13,0.0,MAW,A01,A01,A08,,REE_AggGenOutput_202401021104.xml
2024-01-02 09:45:00+00:00,B14,7092.0,MAW,A01,A01,A08,,REE_AggGenOutput_202401021104.xml
2024-01-02 09:45:00+00:00,B15,76.0,MAW,A01,A01,A08,,REE_AggGenOutput_202401021104.xml
2024-01-02 09:45:00+00:00,B16,6084.0,MAW,A01,A01,A08,,REE_AggGenOutput_202401021104.xml
2024-01-02 09:45:00+00:00,B17,236.0,MAW,A01,A01,A08,,REE_AggGenOutput_202401021104.xml
2024-01-02 09:45:00+00:00,B18,0.0,MAW,A01,A01,A08,,REE_AggGenOutput_202401021104.xml
2024-01-02 09:45:00+00:00,B19,11660.0,MAW,A01,A01,A08,,REE_AggGenOutput_202401021104.xml
2024-01-02 09:45:00+00:00,B20,4.0,MAW,A01,A01,A08,,REE_AggGenOutput_202401021104.xml
2024-01-02 10:45:00+00:00,B01,268.0,MAW,A01,A01,A08,,REE_AggGenOutput_202401021204.xml
2024-01-02 10:45:00+00:00,B02,0.0,MAW,A01,A01,A08,,REE_AggGenOutput_202401021204.xml
2024-01-02 10:45:00+00:00,B03,0.0,MAW,A01,A01,A08,,REE_AggGenOutput_202401021204.xml
2024-01-02 10:45:00+00:00,B04,2608.0,MAW,A01,A01,A08,,REE_AggGenOutput_202401021204.xml
2024-01-02 10:45:00+00:00,B05,300.0,MAW,A01,A01,A08,,REE_AggGenOutput_202401021204.xml
2024-01-02 10:45:00+00:00,B06,44.0,MAW,A01,A01,A08,,REE_AggGenOutput_202401021204.xml
2024-01-02 10:45:00+00:00,B07,0.0,MAW,A01,A01,A08,,REE_AggGenOutput_202401021204.xml
2024-01-02 10:45:00+00:00,B08,0.0,MAW,A01,A01,A08,,REE_AggGenOutput_202401021204.xml
2024-01-02 10:45:00+00:00,B09,0.0,MAW,A01,A01,A08,,REE_AggGenOutput_202401021204.xml
2024-01-02 10:45:00+00:00,B10,704.0,MAW,A01,A01,A08,,REE_AggGenOutput_202401021204.xml
2024-01-02 10:45:00+00:00,B10,432.0,MAW,A01,A01,A08,,REE_AggGenOutput_202401021204.xml
2024-01-02 10:45:00+00:00,B11,856.0,MAW,A01,A01,A08,,REE_AggGenOutput_202401021204.xml
2024-01-02 10:45:00+00:00,B12,2148.0,MAW,A01,A01,A08,,REE_AggGenOutput_202401021204.xml
2024-01-02 10:45:00+00:00,B13,0.0,MAW,A01,A01,A08,,REE_AggGenOutput_202401021204.xml
2024-01-02 10:45:00+00:00,B14,7092.0,MAW,A01,A01,A08,,REE_AggGenOutput_202401021204.xml
2024-01-02 10:45:00+00:00,B15,76.0,MAW,A01,A01,A08,,REE_AggGenOutput_202401021204.xml
2024-01-02 10:45:00+00:00,B16,7156.0,MAW,A01,A01,A08,,REE_AggGenOutput_202401021204.xml
2024-01-02 10:45:00+00:00,B17,232.0,MAW,A01,A01,A08,,REE_AggGenOutput_202401021204.xml
2024-01-02 10:45:00+00:00,B18,0.0,MAW,A01,A01,A08,,REE_AggGenOutput_202401021204.xml
2024-01-02 10:45:00+00:00,B19,11908.0,MAW,A01,A01,A08,,REE_AggGenOutput_202401021204.xml
2024-01-02 10:45:00+00:00,B20,4.0,MAW,A01,A01,A08,,REE_AggGenOutput_202401021204.xml
2024-01-02 11:45:00+00:00,B01,276.0,MAW,A01,A01,A08,,REE_AggGenOutput_202401021304.xml
2024-01-02 11:45:00+00:00,B02,0.0,MAW,A01,A01,A08,,REE_AggGenOutput_202401021304.xml
2024-01-02 11:45:00+00:00,B03,0.0,MAW,A01,A01,A08,,REE_AggGenOutput_202401021304.xml
2024-01-02 11:45:00+00:00,B04,2840.0,MAW,A01,A01,A08,,REE_AggGenOutput_202401021304.xml
2024-01-02 11:45:00+00:00,B05,308.0,MAW,A01,A01,A08,,REE_AggGenOutput_202401021304.xml
2024-01-02 11:45:00+00:00,B06,48.0,MAW,A01,A01,A08,,REE_AggGenOutput_202401021304.xml
2024-01-02 11:45:00+00:00,B07,0.0,MAW,A01,A01,A08,,REE_AggGenOutput_202401021304.xml
2024-01-02 11:45:00+00:00,B08,0.0,MAW,A01,A01,A08,,REE_AggGenOutput_202401021304.xml
2024-01-02 11:45:00+00:00,B09,0.0,MAW,A01,A01,A08,,REE_AggGenOutput_202401021304.xml
2024-01-02 11:45:00+00:00,B10,644.0,MAW,A01,A01,A08,,REE_AggGenOutput_202401021304.xml
2024-01-02 11:45:00+00:00,B10,792.0,MAW,A01,A01,A08,,REE_AggGenOutput_202401021304.xml
2024-01-02 11:45:00+00:00,B11,840.0,MAW,A01,A01,A08,,REE_AggGenOutput_202401021304.xml
2024-01-02 11:45:00+00:00,B12,2152.0,MAW,A01,A01,A08,,REE_AggGenOutput_202401021304.xml
2024-01-02 11:45:00+00:00,B13,0.0,MAW,A01,A01,A08,,REE_AggGenOutput_202401021304.xml
2024-01-02 11:45:00+00:00,B14,7088.0,MAW,A01,A01,A08,,REE_AggGenOutput_202401021304.xml
2024-01-02 11:45:00+00:00,B15,80.0,MAW,A01,A01,A08,,REE_AggGenOutput_202401021304.xml
2024-01-02 11:45:00+00:00,B16,7296.0,MAW,A01,A01,A08,,REE_AggGenOutput_202401021304.xml
2024-01-02 11:45:00+00:00,B17,244.0,MAW,A01,A01,A08,,REE_AggGenOutput_202401021304.xml
2024-01-02 11:45:00+00:00,B18,0.0,MAW,A01,A01,A08,,REE_AggGenOutput_202401021304.xml
2024-01-02 11:45:00+00:00,B19,12480.0,MAW,A01,A01,A08,,REE_AggGenOutput_202401021304.xml
2024-01-02 11:45:00+00:00,B20,4.0,MAW,A01,A01,A08,,REE_AggGenOutput_202401021304.xml
2024-01-02 12:45:00+00:00,B01,268.0,MAW,A01,A01,A08,,REE_AggGenOutput_202401021404.xml
2024-01-02 12:45:00+00:00,B02,0.0,MAW,A01,A01,A08,,REE_AggGenOutput_202401021404.xml
2024-01-02 12:45:00+00:00,B03,0.0,MAW,A01,A01,A08,,REE_AggGenOutput_202401021404.xml
2024-01-02 12:45:00+00:00,B04,2552.0,MAW,A01,A01,A08,,REE_AggGenOutput_202401021404.xml
2024-01-02 12:45:00+00:00,B05,320.0,MAW,A01,A01,A08,,REE_AggGenOutput_202401021404.xml
2024-01-02 12:45:00+00:00,B06,44.0,MAW,A01,A01,A08,,REE_AggGenOutput_202401021404.xml
2024-01-02 12:45:00+00:00,B07,0.0,MAW,A01,A01,A08,,REE_AggGenOutput_202401021404.xml
2024-01-02 12:45:00+00:00,B08,0.0,MAW,A01,A01,A08,,REE_AggGenOutput_202401021404.xml
2024-01-02 12:45:00+00:00,B09,0.0,MAW,A01,A01,A08,,REE_AggGenOutput_202401021404.xml
2024-01-02 12:45:00+00:00,B10,572.0,MAW,A01,A01,A08,,REE_AggGenOutput_202401021404.xml
2024-01-02 12:45:00+00:00,B10,992.0,MAW,A01,A01,A08,,REE_AggGenOutput_202401021404.xml
2024-01-02 12:45:00+00:00,B11,832.0,MAW,A01,A01,A08,,REE_AggGenOutput_202401021404.xml
2024-01-02 12:45:00+00:00,B12,1920.0,MAW,A01,A01,A08,,REE_AggGenOutput_202401021404.xml
2024-01-02 12:45:00+00:00,B13,0.0,MAW,A01,A01,A08,,REE_AggGenOutput_202401021404.xml
2024-01-02 12:45:00+00:00,B14,7088.0,MAW,A01,A01,A08,,REE_AggGenOutput_202401021404.xml
2024-01-02 12:45:00+00:00,B15,72.0,MAW,A01,A01,A08,,REE_AggGenOutput_202401021404.xml
2024-01-02 12:45:00+00:00,B16,7228.0,MAW,A01,A01,A08,,REE_AggGenOutput_202401021404.xml
2024-01-02 12:45:00+00:00,B17,236.0,MAW,A01,A01,A08,,REE_AggGenOutput_202401021404.xml
2024-01-02 12:45:00+00:00,B18,0.0,MAW,A01,A01,A08,,REE_AggGenOutput_202401021404.xml
2024-01-02 12:45:00+00:00,B19,13448.0,MAW,A01,A01,A08,,REE_AggGenOutput_202401021404.xml
2024-01-02 12:45:00+00:00,B20,4.0,MAW,A01,A01,A08,,REE_AggGenOutput_202401021404.xml
2024-01-02 13:45:00+00:00,B01,272.0,MAW,A01,A01,A08,,REE_AggGenOutput_202401021504.xml
2024-01-02 13:45:00+00:00,B02,0.0,MAW,A01,A01,A08,,REE_AggGenOutput_202401021504.xml
2024-01-02 13:45:00+00:00,B03,0.0,MAW,A01,A01,A08,,REE_AggGenOutput_202401021504.xml
2024-01-02 13:45:00+00:00,B04,2664.0,MAW,A01,A01,A08,,REE_AggGenOutput_202401021504.xml
2024-01-02 13:45:00+00:00,B05,312.0,MAW,A01,A01,A08,,REE_AggGenOutput_202401021504.xml
2024-01-02 13:45:00+00:00,B06,44.0,MAW,A01,A01,A08,,REE_AggGenOutput_202401021504.xml
2024-01-02 13:45:00+00:00,B07,0.0,MAW,A01,A01,A08,,REE_AggGenOutput_202401021504.xml
2024-01-02 13:45:00+00:00,B08,0.0,MAW,A01,A01,A08,,REE_AggGenOutput_202401021504.xml
2024-01-02 13:45:00+00:00,B09,0.0,MAW,A01,A01,A08,,REE_AggGenOutput_202401021504.xml
2024-01-02 13:45:00+00:00,B10,732.0,MAW,A01,A01,A08,,REE_AggGenOutput_202401021504.xml
2024-01-02 13:45:00+00:00,B10,988.0,MAW,A01,A01,A08,,REE_AggGenOutput_202401021504.xml
2024-01-02 13:45:00+00:00,B11,904.0,MAW,A01,A01,A08,,REE_AggGenOutput_202401021504.xml
2024-01-02 13:45:00+00:00,B12,1964.0,MAW,A01,A01,A08,,REE_AggGenOutput_202401021504.xml
2024-01-02 13:45:00+00:00,B13,0.0,MAW,A01,A01,A08,,REE_AggGenOutput_202401021504.xml
2024-01-02 13:45:00+00:00,B14,7088.0,MAW,A01,A01,A08,,REE_AggGenOutput_202401021504.xml
2024-01-02 13:45:00+00:00,B15,80.0,MAW,A01,A01,A08,,REE_AggGenOutput_202401021504.xml
2024-01-02 13:45:00+00:00,B16,7000.0,MAW,A01,A01,A08,,REE_AggGenOutput_202401021504.xml
2024-01-02 13:45:00+00:00,B17,236.0,MAW,A01,A01,A08,,REE_AggGenOutput_202401021504.xml
2024-01-02 13:45:00+00:00,B18,0.0,MAW,A01,A01,A08,,REE_AggGenOutput_202401021504.xml
2024-01-02 13:45:00+00:00,B19,14304.0,MAW,A01,A01,A08,,REE_AggGenOutput_202401021504.xml
2024-01-02 13:45:00+00:00,B20,4.0,MAW,A01,A01,A08,,REE_AggGenOutput_202401021504.xml
2024-01-02 14:45:00+00:00,B01,276.0,MAW,A01,A01,A08,,REE_AggGenOutput_202401021604.xml
2024-01-02 14:45:00+00:00,B02,0.0,MAW,A01,A01,A08,,REE_AggGenOutput_202401021604.xml
2024-01-02 14:45:00+00:00,B03,0.0,MAW,A01,A01,A08,,REE_AggGenOutput_202401021604.xml
2024-01-02 14:45:00+00:00,B04,2676.0,MAW,A01,A01,A08,,REE_AggGenOutput_202401021604.xml
2024-01-02 14:45:00+00:00,B05,312.0,MAW,A01,A01,A08,,REE_AggGenOutput_202401021604.xml
2024-01-02 14:45:00+00:00,B06,48.0,MAW,A01,A01,A08,,REE_AggGenOutput_202401021604.xml
2024-01-02 14:45:00+00:00,B07,0.0,MAW,A01,A01,A08,,REE_AggGenOutput_202401021604.xml
2024-01-02 14:45:00+00:00,B08,0.0,MAW,A01,A01,A08,,REE_AggGenOutput_202401021604.xml
2024-01-02 14:45:00+00:00,B09,0.0,MAW,A01,A01,A08,,REE_AggGenOutput_202401021604.xml
2024-01-02 14:45:00+00:00,B10,256.0,MAW,A01,A01,A08,,REE_AggGenOutput_202401021604.xml
2024-01-02 14:45:00+00:00,B10,1188.0,MAW,A01,A01,A08,,REE_AggGenOutput_202401021604.xml
2024-01-02 14:45:00+00:00,B11,948.0,MAW,A01,A01,A08,,REE_AggGenOutput_202401021604.xml
2024-01-02 14:45:00+00:00,B12,2120.0,MAW,A01,A01,A08,,REE_AggGenOutput_202401021604.xml
2024-01-02 14:45:00+00:00,B13,0.0,MAW,A01,A01,A08,,REE_AggGenOutput_202401021604.xml
2024-01-02 14:45:00+00:00,B14,7088.0,MAW,A01,A01,A08,,REE_AggGenOutput_202401021604.xml
2024-01-02 14:45:00+00:00,B15,76.0,MAW,A01,A01,A08,,REE_AggGenOutput_202401021604.xml
2024-01-02 14:45:00+00:00,B16,6280.0,MAW,A01,A01,A08,,REE_AggGenOutput_202401021604.xml
2024-01-02 14:45:00+00:00,B17,240.0,MAW,A01,A01,A08,,REE_AggGenOutput_202401021604.xml
2024-01-02 14:45:00+00:00,B18,0.0,MAW,A01,A01,A08,,REE_AggGenOutput_202401021604.xml
2024-01-02 14:45:00+00:00,B19,14504.0,MAW,A01,A01,A08,,REE_AggGenOutput_202401021604.xml
2024-01-02 14:45:00+00:00,B20,4.0,MAW,A01,A01,A08,,REE_AggGenOutput_202401021604.xml
2024-01-02 15:45:00+00:00,B01,256.0,MAW,A01,A01,A08,,REE_AggGenOutput_202401021704.xml
2024-01-02 15:45:00+00:00,B02,0.0,MAW,A01,A01,A08,,REE_AggGenOutput_202401021704.xml
2024-01-02 15:45:00+00:00,B03,0.0,MAW,A01,A01,A08,,REE_AggGenOutput_202401021704.xml
2024-01-02 15:45:00+00:00,B04,2764.0,MAW,A01,A01,A08,,REE_AggGenOutput_202401021704.xml
2024-01-02 15:45:00+00:00,B05,312.0,MAW,A01,A01,A08,,REE_AggGenOutput_202401021704.xml
2024-01-02 15:45:00+00:00,B06,44.0,MAW,A01,A01,A08,,REE_AggGenOutput_202401021704.xml
2024-01-02 15:45:00+00:00,B07,0.0,MAW,A01,A01,A08,,REE_AggGenOutput_202401021704.xml
2024-01-02 15:45:00+00:00,B08,0.0,MAW,A01,A01,A08,,REE_AggGenOutput_202401021704.xml
2024-01-02 15:45:00+00:00,B09,0.0,MAW,A01,A01,A08,,REE_AggGenOutput_202401021704.xml
2024-01-02 15:45:00+00:00,B10,1288.0,MAW,A01,A01,A08,,REE_AggGenOutput_202401021704.xml
2024-01-02 15:45:00+00:00,B10,1216.0,MAW,A01,A01,A08,,REE_AggGenOutput_202401021704.xml
2024-01-02 15:45:00+00:00,B11,928.0,MAW,A01,A01,A08,,REE_AggGenOutput_202401021704.xml
2024-01-02 15:45:00+00:00,B12,2244.0,MAW,A01,A01,A08,,REE_AggGenOutput_202401021704.xml
2024-01-02 15:45:00+00:00,B13,0.0,MAW,A01,A01,A08,,REE_AggGenOutput_202401021704.xml
2024-01-02 15:45:00+00:00,B14,7088.0,MAW,A01,A01,A08,,REE_AggGenOutput_202401021704.xml
2024-01-02 15:45:00+00:00,B15,80.0,MAW,A01,A01,A08,,REE_AggGenOutput_202401021704.xml
2024-01-02 15:45:00+00:00,B16,3800.0,MAW,A01,A01,A08,,REE_AggGenOutput_202401021704.xml
2024-01-02 15:45:00+00:00,B17,236.0,MAW,A01,A01,A08,,REE_AggGenOutput_202401021704.xml
2024-01-02 15:45:00+00:00,B18,0.0,MAW,A01,A01,A08,,REE_AggGenOutput_202401021704.xml
2024-01-02 15:45:00+00:00,B19,14392.0,MAW,A01,A01,A08,,REE_AggGenOutput_202401021704.xml
2024-01-02 15:45:00+00:00,B20,4.0,MAW,A01,A01,A08,,REE_AggGenOutput_202401021704.xml
2024-01-02 16:45:00+00:00,B01,272.0,MAW,A01,A01,A08,,REE_AggGenOutput_202401021804.xml
2024-01-02 16:45:00+00:00,B02,0.0,MAW,A01,A01,A08,,REE_AggGenOutput_202401021804.xml
2024-01-02 16:45:00+00:00,B03,0.0,MAW,A01,A01,A08,,REE_AggGenOutput_202401021804.xml
2024-01-02 16:45:00+00:00,B04,3828.0,MAW,A01,A01,A08,,REE_AggGenOutput_202401021804.xml
2024-01-02 16:45:00+00:00,B05,312.0,MAW,A01,A01,A08,,REE_AggGenOutput_202401021804.xml
2024-01-02 16:45:00+00:00,B06,44.0,MAW,A01,A01,A08,,REE_AggGenOutput_202401021804.xml
2024-01-02 16:45:00+00:00,B07,0.0,MAW,A01,A01,A08,,REE_AggGenOutput_202401021804.xml
2024-01-02 16:45:00+00:00,B08,0.0,MAW,A01,A01,A08,,REE_AggGenOutput_202401021804.xml
2024-01-02 16:45:00+00:00,B09,0.0,MAW,A01,A01,A08,,REE_AggGenOutput_202401021804.xml
2024-01-02 16:45:00+00:00,B10,1672.0,MAW,A01,A01,A08,,REE_AggGenOutput_202401021804.xml
2024-01-02 16:45:00+00:00,B10,400.0,MAW,A01,A01,A08,,REE_AggGenOutput_202401021804.xml
2024-01-02 16:45:00+00:00,B11,944.0,MAW,A01,A01,A08,,REE_AggGenOutput_202401021804.xml
2024-01-02 16:45:00+00:00,B12,2860.0,MAW,A01,A01,A08,,REE_AggGenOutput_202401021804.xml
2024-01-02 16:45:00+00:00,B13,0.0,MAW,A01,A01,A08,,REE_AggGenOutput_202401021804.xml
2024-01-02 16:45:00+00:00,B14,7088.0,MAW,A01,A01,A08,,REE_AggGenOutput_202401021804.xml
2024-01-02 16:45:00+00:00,B15,84.0,MAW,A01,A01,A08,,REE_AggGenOutput_202401021804.xml
2024-01-02 16:45:00+00:00,B16,1008.0,MAW,A01,A01,A08,,REE_AggGenOutput_202401021804.xml
2024-01-02 16:45:00+00:00,B17,232.0,MAW,A01,A01,A08,,REE_AggGenOutput_202401021804.xml
2024-01-02 16:45:00+00:00,B18,0.0,MAW,A01,A01,A08,,REE_AggGenOutput_202401021804.xml
2024-01-02 16:45:00+00:00,B19,14840.0,MAW,A01,A01,A08,,REE_AggGenOutput_202401021804.xml
2024-01-02 16:45:00+00:00,B20,4.0,MAW,A01,A01,A08,,REE_AggGenOutput_202401021804.xml
2024-01-02 17:45:00+00:00,B01,280.0,MAW,A01,A01,A08,,REE_AggGenOutput_202401021904.xml
2024-01-02 17:45:00+00:00,B02,0.0,MAW,A01,A01,A08,,REE_AggGenOutput_202401021904.xml
2024-01-02 17:45:00+00:00,B03,0.0,MAW,A01,A01,A08,,REE_AggGenOutput_202401021904.xml
2024-01-02 17:45:00+00:00,B04,3744.0,MAW,A01,A01,A08,,REE_AggGenOutput_202401021904.xml
2024-01-02 17:45:00+00:00,B05,312.0,MAW,A01,A01,A08,,REE_AggGenOutput_202401021904.xml
2024-01-02 17:45:00+00:00,B06,44.0,MAW,A01,A01,A08,,REE_AggGenOutput_202401021904.xml
2024-01-02 17:45:00+00:00,B07,0.0,MAW,A01,A01,A08,,REE_AggGenOutput_202401021904.xml
2024-01-02 17:45:00+00:00,B08,0.0,MAW,A01,A01,A08,,REE_AggGenOutput_202401021904.xml
2024-01-02 17:45:00+00:00,B09,0.0,MAW,A01,A01,A08,,REE_AggGenOutput_202401021904.xml
2024-01-02 17:45:00+00:00,B10,2288.0,MAW,A01,A01,A08,,REE_AggGenOutput_202401021904.xml
2024-01-02 17:45:00+00:00,B10,400.0,MAW,A01,A01,A08,,REE_AggGenOutput_202401021904.xml
2024-01-02 17:45:00+00:00,B11,1036.0,MAW,A01,A01,A08,,REE_AggGenOutput_202401021904.xml
2024-01-02 17:45:00+00:00,B12,3436.0,MAW,A01,A01,A08,,REE_AggGenOutput_202401021904.xml
2024-01-02 17:45:00+00:00,B13,0.0,MAW,A01,A01,A08,,REE_AggGenOutput_202401021904.xml
2024-01-02 17:45:00+00:00,B14,7088.0,MAW,A01,A01,A08,,REE_AggGenOutput_202401021904.xml
2024-01-02 17:45:00+00:00,B15,84.0,MAW,A01,A01,A08,,REE_AggGenOutput_202401021904.xml
2024-01-02 17:45:00+00:00,B16,92.0,MAW,A01,A01,A08,,REE_AggGenOutput_202401021904.xml
2024-01-02 17:45:00+00:00,B17,232.0,MAW,A01,A01,A08,,REE_AggGenOutput_202401021904.xml
2024-01-02 17:45:00+00:00,B18,0.0,MAW,A01,A01,A08,,REE_AggGenOutput_202401021904.xml
2024-01-02 17:45:00+00:00,B19,15628.0,MAW,A01,A01,A08,,REE_AggGenOutput_202401021904.xml
2024-01-02 17:45:00+00:00,B20,4.0,MAW,A01,A01,A08,,REE_AggGenOutput_202401021904.xml
2024-01-02 18:45:00+00:00,B01,272.0,MAW,A01,A01,A08,,REE_AggGenOutput_202401022004.xml
2024-01-02 18:45:00+00:00,B02,0.0,MAW,A01,A01,A08,,REE_AggGenOutput_202401022004.xml
2024-01-02 18:45:00+00:00,B03,0.0,MAW,A01,A01,A08,,REE_AggGenOutput_202401022004.xml
2024-01-02 18:45:00+00:00,B04,3516.0,MAW,A01,A01,A08,,REE_AggGenOutput_202401022004.xml
2024-01-02 18:45:00+00:00,B05,316.0,MAW,A01,A01,A08,,REE_AggGenOutput_202401022004.xml
2024-01-02 18:45:00+00:00,B06,44.0,MAW,A01,A01,A08,,REE_AggGenOutput_202401022004.xml
2024-01-02 18:45:00+00:00,B07,0.0,MAW,A01,A01,A08,,REE_AggGenOutput_202401022004.xml
2024-01-02 18:45:00+00:00,B08,0.0,MAW,A01,A01,A08,,REE_AggGenOutput_202401022004.xml
2024-01-02 18:45:00+00:00,B09,0.0,MAW,A01,A01,A08,,REE_AggGenOutput_202401022004.xml
2024-01-02 18:45:00+00:00,B10,1960.0,MAW,A01,A01,A08,,REE_AggGenOutput_202401022004.xml
2024-01-02 18:45:00+00:00,B10,400.0,MAW,A01,A01,A08,,REE_AggGenOutput_202401022004.xml
2024-01-02 18:45:00+00:00,B11,1032.0,MAW,A01,A01,A08,,REE_AggGenOutput_202401022004.xml
2024-01-02 18:45:00+00:00,B12,3320.0,MAW,A01,A01,A08,,REE_AggGenOutput_202401022004.xml
2024-01-02 18:45:00+00:00,B13,0.0,MAW,A01,A01,A08,,REE_AggGenOutput_202401022004.xml
2024-01-02 18:45:00+00:00,B14,7088.0,MAW,A01,A01,A08,,REE_AggGenOutput_202401022004.xml
2024-01-02 18:45:00+00:00,B15,84.0,MAW,A01,A01,A08,,REE_AggGenOutput_202401022004.xml
2024-01-02 18:45:00+00:00,B16,64.0,MAW,A01,A01,A08,,REE_AggGenOutput_202401022004.xml
2024-01-02 18:45:00+00:00,B17,236.0,MAW,A01,A01,A08,,REE_AggGenOutput_202401022004.xml
2024-01-02 18:45:00+00:00,B18,0.0,MAW,A01,A01,A08,,REE_AggGenOutput_202401022004.xml
2024-01-02 18:45:00+00:00,B19,15860.0,MAW,A01,A01,A08,,REE_AggGenOutput_202401022004.xml
2024-01-02 18:45:00+00:00,B20,4.0,MAW,A01,A01,A08,,REE_AggGenOutput_202401022004.xml
2024-01-02 19:45:00+00:00,B01,288.0,MAW,A01,A01,A08,,REE_AggGenOutput_202401022104.xml
2024-01-02 19:45:00+00:00,B02,0.0,MAW,A01,A01,A08,,REE_AggGenOutput_202401022104.xml
2024-01-02 19:45:00+00:00,B03,0.0,MAW,A01,A01,A08,,REE_AggGenOutput_202401022104.xml
2024-01-02 19:45:00+00:00,B04,3396.0,MAW,A01,A01,A08,,REE_AggGenOutput_202401022104.xml
2024-01-02 19:45:00+00:00,B05,324.0,MAW,A01,A01,A08,,REE_AggGenOutput_202401022104.xml
2024-01-02 19:45:00+00:00,B06,44.0,MAW,A01,A01,A08,,REE_AggGenOutput_202401022104.xml
2024-01-02 19:45:00+00:00,B07,0.0,MAW,A01,A01,A08,,REE_AggGenOutput_202401022104.xml
2024-01-02 19:45:00+00:00,B08,0.0,MAW,A01,A01,A08,,REE_AggGenOutput_202401022104.xml
2024-01-02 19:45:00+00:00,B09,0.0,MAW,A01,A01,A08,,REE_AggGenOutput_202401022104.xml
2024-01-02 19:45:00+00:00,B10,1584.0,MAW,A01,A01,A08,,REE_AggGenOutput_202401022104.xml
2024-01-02 19:45:00+00:00,B10,400.0,MAW,A01,A01,A08,,REE_AggGenOutput_202401022104.xml
2024-01-02 19:45:00+00:00,B11,1084.0,MAW,A01,A01,A08,,REE_AggGenOutput_202401022104.xml
2024-01-02 19:45:00+00:00,B12,3184.0,MAW,A01,A01,A08,,REE_AggGenOutput_202401022104.xml
2024-01-02 19:45:00+00:00,B13,0.0,MAW,A01,A01,A08,,REE_AggGenOutput_202401022104.xml
2024-01-02 19:45:00+00:00,B14,7088.0,MAW,A01,A01,A08,,REE_AggGenOutput_202401022104.xml
2024-01-02 19:45:00+00:00,B15,80.0,MAW,A01,A01,A08,,REE_AggGenOutput_202401022104.xml
2024-01-02 19:45:00+00:00,B16,44.0,MAW,A01,A01,A08,,REE_AggGenOutput_202401022104.xml
2024-01-02 19:45:00+00:00,B17,232.0,MAW,A01,A01,A08,,REE_AggGenOutput_202401022104.xml
2024-01-02 19:45:00+00:00,B18,0.0,MAW,A01,A01,A08,,REE_AggGenOutput_202401022104.xml
2024-01-02 19:45:00+00:00,B19,16072.0,MAW,A01,A01,A08,,REE_AggGenOutput_202401022104.xml
2024-01-02 19:45:00+00:00,B20,4.0,MAW,A01,A01,A08,,REE_AggGenOutput_202401022104.xml
2024-01-02 20:45:00+00:00,B01,276.0,MAW,A01,A01,A08,,REE_AggGenOutput_202401022204.xml
2024-01-02 20:45:00+00:00,B02,0.0,MAW,A01,A01,A08,,REE_AggGenOutput_202401022204.xml
2024-01-02 20:45:00+00:00,B03,0.0,MAW,A01,A01,A08,,REE_AggGenOutput_202401022204.xml
2024-01-02 20:45:00+00:00,B04,3508.0,MAW,A01,A01,A08,,REE_AggGenOutput_202401022204.xml
2024-01-02 20:45:00+00:00,B05,296.0,MAW,A01,A01,A08,,REE_AggGenOutput_202401022204.xml
2024-01-02 20:45:00+00:00,B06,44.0,MAW,A01,A01,A08,,REE_AggGenOutput_202401022204.xml
2024-01-02 20:45:00+00:00,B07,0.0,MAW,A01,A01,A08,,REE_AggGenOutput_202401022204.xml
2024-01-02 20:45:00+00:00,B08,0.0,MAW,A01,A01,A08,,REE_AggGenOutput_202401022204.xml
2024-01-02 20:45:00+00:00,B09,0.0,MAW,A01,A01,A08,,REE_AggGenOutput_202401022204.xml
2024-01-02 20:45:00+00:00,B10,1732.0,MAW,A01,A01,A08,,REE_AggGenOutput_202401022204.xml
2024-01-02 20:45:00+00:00,B10,400.0,MAW,A01,A01,A08,,REE_AggGenOutput_202401022204.xml
2024-01-02 20:45:00+00:00,B11,1044.0,MAW,A01,A01,A08,,REE_AggGenOutput_202401022204.xml
2024-01-02 20:45:00+00:00,B12,3152.0,MAW,A01,A01,A08,,REE_AggGenOutput_202401022204.xml
2024-01-02 20:45:00+00:00,B13,0.0,MAW,A01,A01,A08,,REE_AggGenOutput_202401022204.xml
2024-01-02 20:45:00+00:00,B14,7088.0,MAW,A01,A01,A08,,REE_AggGenOutput_202401022204.xml
2024-01-02 20:45:00+00:00,B15,76.0,MAW,A01,A01,A08,,REE_AggGenOutput_202401022204.xml
2024-01-02 20:45:00+00:00,B16,24.0,MAW,A01,A01,A08,,REE_AggGenOutput_202401022204.xml
2024-01-02 20:45:00+00:00,B17,232.0,MAW,A01,A01,A08,,REE_AggGenOutput_202401022204.xml
2024-01-02 20:45:00+00:00,B18,0.0,MAW,A01,A01,A08,,REE_AggGenOutput_202401022204.xml
2024-01-02 20:45:00+00:00,B19,16164.0,MAW,A01,A01,A08,,REE_AggGenOutput_202401022204.xml
2024-01-02 20:45:00+00:00,B20,4.0,MAW,A01,A01,A08,,REE_AggGenOutput_202401022204.xml
2024-01-02 21:45:00+00:00,B01,260.0,MAW,A01,A01,A08,,REE_AggGenOutput_202401022304.xml
2024-01-02 21:45:00+00:00,B02,0.0,MAW,A01,A01,A08,,REE_AggGenOutput_202401022304.xml
2024-01-02 21:45:00+00:00,B03,0.0,MAW,A01,A01,A08,,REE_AggGenOutput_202401022304.xml
2024-01-02 21:45:00+00:00,B04,3048.0,MAW,A01,A01,A08,,REE_AggGenOutput_202401022304.xml
2024-01-02 21:45:00+00:00,B05,300.0,MAW,A01,A01,A08,,REE_AggGenOutput_202401022304.xml
2024-01-02 21:45:00+00:00,B06,44.0,MAW,A01,A01,A08,,REE_AggGenOutput_202401022304.xml
2024-01-02 21:45:00+00:00,B07,0.0,MAW,A01,A01,A08,,REE_AggGenOutput_202401022304.xml
2024-01-02 21:45:00+00:00,B08,0.0,MAW,A01,A01,A08,,REE_AggGenOutput_202401022304.xml
2024-01-02 21:45:00+00:00,B09,0.0,MAW,A01,A01,A08,,REE_AggGenOutput_202401022304.xml
2024-01-02 21:45:00+00:00,B10,940.0,MAW,A01,A01,A08,,REE_AggGenOutput_202401022304.xml
2024-01-02 21:45:00+00:00,B10,1560.0,MAW,A01,A01,A08,,REE_AggGenOutput_202401022304.xml
2024-01-02 21:45:00+00:00,B11,968.0,MAW,A01,A01,A08,,REE_AggGenOutput_202401022304.xml
2024-01-02 21:45:00+00:00,B12,2628.0,MAW,A01,A01,A08,,REE_AggGenOutput_202401022304.xml
2024-01-02 21:45:00+00:00,B13,0.0,MAW,A01,A01,A08,,REE_AggGenOutput_202401022304.xml
2024-01-02 21:45:00+00:00,B14,7088.0,MAW,A01,A01,A08,,REE_AggGenOutput_202401022304.xml
2024-01-02 21:45:00+00:00,B15,76.0,MAW,A01,A01,A08,,REE_AggGenOutput_202401022304.xml
2024-01-02 21:45:00+00:00,B16,8.0,MAW,A01,A01,A08,,REE_AggGenOutput_202401022304.xml
2024-01-02 21:45:00+00:00,B17,232.0,MAW,A01,A01,A08,,REE_AggGenOutput_202401022304.xml
2024-01-02 21:45:00+00:00,B18,0.0,MAW,A01,A01,A08,,REE_AggGenOutput_202401022304.xml
2024-01-02 21:45:00+00:00,B19,15904.0,MAW,A01,A01,A08,,REE_AggGenOutput_202401022304.xml
2024-01-02 21:45:00+00:00,B20,0.0,MAW,A01,A01,A08,,REE_AggGenOutput_202401022304.xml
